"GET /static/images/profile.jpg. HTTP/1.1" 404 1984
"GET /static/images/profile.jpg. HTTP/1.1" 404 1984
"GET /static/images/profile.jpg. HTTP/1.1" 404 1984
"GET /static/images/profile.jpg. HTTP/1.1" 404 1984
"GET /static/images/profile.jpg. HTTP/1.1" 404 1984
"GET /static/images/profile.jpg. HTTP/1.1" 404 1984
"GET /static/images/profile.jpg. HTTP/1.1" 404 1984
"GET /static/images/profile.jpg. HTTP/1.1" 404 1984
"GET /static/images/profile.jpg HTTP/1.1" 404 1981
Not Found: /favicon.ico
"GET /favicon.ico HTTP/1.1" 404 19425
"GET /static/images/profile.jpg HTTP/1.1" 404 1981
"GET /static/images/profile.jpg HTTP/1.1" 404 1981
"GET /static/images/profile.jpg HTTP/1.1" 404 1981
"GET /static/images/profile.jpg HTTP/1.1" 404 1981
"GET /static/images/profile.jpg HTTP/1.1" 404 1981
"GET /static/images/profile.jpg HTTP/1.1" 404 1981
"GET /static/images/profile.jpg HTTP/1.1" 404 1981
Not Found: /cart/remove/1/
"POST /cart/remove/1/ HTTP/1.1" 404 19435
Not Found: /cart/remove/1/
"POST /cart/remove/1/ HTTP/1.1" 404 19435
Not Found: /cart/remove/1/
"POST /cart/remove/1/ HTTP/1.1" 404 19435
Not Found: /cart/remove/1/
"POST /cart/remove/1/ HTTP/1.1" 404 19435
"GET /static/images/profile.jpg HTTP/1.1" 404 1981
Internal Server Error: /cart/
Traceback (most recent call last):
  File "C:\Users\hp\OneDrive\Desktop\enoch-shopping\.venv\Lib\site-packages\django\core\handlers\exception.py", line 55, in inner
    response = get_response(request)
               ^^^^^^^^^^^^^^^^^^^^^
  File "C:\Users\hp\OneDrive\Desktop\enoch-shopping\.venv\Lib\site-packages\django\core\handlers\base.py", line 197, in _get_response
    response = wrapped_callback(request, *callback_args, **callback_kwargs)
               ^^^^^^^^^^^^^^^^^^^^^^^^^^^^^^^^^^^^^^^^^^^^^^^^^^^^^^^^^^^^
  File "C:\Users\hp\OneDrive\Desktop\enoch-shopping\shop\views.py", line 1722, in cart_view
    recommended_products = get_recommended_products(cart)
                           ^^^^^^^^^^^^^^^^^^^^^^^^^^^^^^
  File "C:\Users\hp\OneDrive\Desktop\enoch-shopping\shop\views.py", line 1664, in get_recommended_products
    if user.is_authenticated:
       ^^^^^^^^^^^^^^^^^^^^^
AttributeError: 'dict' object has no attribute 'is_authenticated'
"GET /cart/ HTTP/1.1" 500 72467
"GET /static/images/profile.jpg HTTP/1.1" 404 1981
"GET /static/images/profile.jpg HTTP/1.1" 404 1981
Not Found: /cart/remove/1/
"POST /cart/remove/1/ HTTP/1.1" 404 19435
Not Found: /cart/remove/1/
"POST /cart/remove/1/ HTTP/1.1" 404 19435
Not Found: /cart/remove/1/
"POST /cart/remove/1/ HTTP/1.1" 404 19435
Not Found: /cart/remove/1/
"POST /cart/remove/1/ HTTP/1.1" 404 19435
Not Found: /cart/remove/1/
"POST /cart/remove/1/ HTTP/1.1" 404 19435
Not Found: /cart/remove/1/
"POST /cart/remove/1/ HTTP/1.1" 404 19435
Not Found: /cart/remove/1/
"POST /cart/remove/1/ HTTP/1.1" 404 19435
"GET /static/images/profile.jpg HTTP/1.1" 404 1981
Not Found: /cart/remove/1/
"POST /cart/remove/1/ HTTP/1.1" 404 19435
Not Found: /cart/remove/1/
"POST /cart/remove/1/ HTTP/1.1" 404 19435
Not Found: /cart/remove/1/
"POST /cart/remove/1/ HTTP/1.1" 404 19435
Not Found: /cart/remove/1/
"POST /cart/remove/1/ HTTP/1.1" 404 19435
Not Found: /cart/remove/1/
"POST /cart/remove/1/ HTTP/1.1" 404 19435
Not Found: /cart/remove/1/
"POST /cart/remove/1/ HTTP/1.1" 404 19435
Not Found: /cart/remove/1/
"POST /cart/remove/1/ HTTP/1.1" 404 19435
Internal Server Error: /cart/
Traceback (most recent call last):
  File "C:\Users\hp\OneDrive\Desktop\enoch-shopping\.venv\Lib\site-packages\django\core\handlers\exception.py", line 55, in inner
    response = get_response(request)
               ^^^^^^^^^^^^^^^^^^^^^
  File "C:\Users\hp\OneDrive\Desktop\enoch-shopping\.venv\Lib\site-packages\django\core\handlers\base.py", line 197, in _get_response
    response = wrapped_callback(request, *callback_args, **callback_kwargs)
               ^^^^^^^^^^^^^^^^^^^^^^^^^^^^^^^^^^^^^^^^^^^^^^^^^^^^^^^^^^^^
  File "C:\Users\hp\OneDrive\Desktop\enoch-shopping\shop\views.py", line 1756, in cart_view
    return render(request, 'shop/cart_view.html', context)
           ^^^^^^^^^^^^^^^^^^^^^^^^^^^^^^^^^^^^^^^^^^^^^^^
  File "C:\Users\hp\OneDrive\Desktop\enoch-shopping\.venv\Lib\site-packages\django\shortcuts.py", line 25, in render
    content = loader.render_to_string(template_name, context, request, using=using)
              ^^^^^^^^^^^^^^^^^^^^^^^^^^^^^^^^^^^^^^^^^^^^^^^^^^^^^^^^^^^^^^^^^^^^^
  File "C:\Users\hp\OneDrive\Desktop\enoch-shopping\.venv\Lib\site-packages\django\template\loader.py", line 62, in render_to_string
    return template.render(context, request)
           ^^^^^^^^^^^^^^^^^^^^^^^^^^^^^^^^^
  File "C:\Users\hp\OneDrive\Desktop\enoch-shopping\.venv\Lib\site-packages\django\template\backends\django.py", line 107, in render
    return self.template.render(context)
           ^^^^^^^^^^^^^^^^^^^^^^^^^^^^^
  File "C:\Users\hp\OneDrive\Desktop\enoch-shopping\.venv\Lib\site-packages\django\template\base.py", line 171, in render
    return self._render(context)
           ^^^^^^^^^^^^^^^^^^^^^
  File "C:\Users\hp\OneDrive\Desktop\enoch-shopping\.venv\Lib\site-packages\django\template\base.py", line 163, in _render
    return self.nodelist.render(context)
           ^^^^^^^^^^^^^^^^^^^^^^^^^^^^^
  File "C:\Users\hp\OneDrive\Desktop\enoch-shopping\.venv\Lib\site-packages\django\template\base.py", line 1008, in render
    return SafeString("".join([node.render_annotated(context) for node in self]))
                               ^^^^^^^^^^^^^^^^^^^^^^^^^^^^^^
  File "C:\Users\hp\OneDrive\Desktop\enoch-shopping\.venv\Lib\site-packages\django\template\base.py", line 969, in render_annotated
    return self.render(context)
           ^^^^^^^^^^^^^^^^^^^^
  File "C:\Users\hp\OneDrive\Desktop\enoch-shopping\.venv\Lib\site-packages\django\template\loader_tags.py", line 159, in render
    return compiled_parent._render(context)
           ^^^^^^^^^^^^^^^^^^^^^^^^^^^^^^^^
  File "C:\Users\hp\OneDrive\Desktop\enoch-shopping\.venv\Lib\site-packages\django\template\base.py", line 163, in _render
    return self.nodelist.render(context)
           ^^^^^^^^^^^^^^^^^^^^^^^^^^^^^
  File "C:\Users\hp\OneDrive\Desktop\enoch-shopping\.venv\Lib\site-packages\django\template\base.py", line 1008, in render
    return SafeString("".join([node.render_annotated(context) for node in self]))
                               ^^^^^^^^^^^^^^^^^^^^^^^^^^^^^^
  File "C:\Users\hp\OneDrive\Desktop\enoch-shopping\.venv\Lib\site-packages\django\template\base.py", line 969, in render_annotated
    return self.render(context)
           ^^^^^^^^^^^^^^^^^^^^
  File "C:\Users\hp\OneDrive\Desktop\enoch-shopping\.venv\Lib\site-packages\django\template\loader_tags.py", line 65, in render
    result = block.nodelist.render(context)
             ^^^^^^^^^^^^^^^^^^^^^^^^^^^^^^
  File "C:\Users\hp\OneDrive\Desktop\enoch-shopping\.venv\Lib\site-packages\django\template\base.py", line 1008, in render
    return SafeString("".join([node.render_annotated(context) for node in self]))
                               ^^^^^^^^^^^^^^^^^^^^^^^^^^^^^^
  File "C:\Users\hp\OneDrive\Desktop\enoch-shopping\.venv\Lib\site-packages\django\template\base.py", line 969, in render_annotated
    return self.render(context)
           ^^^^^^^^^^^^^^^^^^^^
  File "C:\Users\hp\OneDrive\Desktop\enoch-shopping\.venv\Lib\site-packages\django\template\defaulttags.py", line 243, in render
    nodelist.append(node.render_annotated(context))
                    ^^^^^^^^^^^^^^^^^^^^^^^^^^^^^^
  File "C:\Users\hp\OneDrive\Desktop\enoch-shopping\.venv\Lib\site-packages\django\template\base.py", line 969, in render_annotated
    return self.render(context)
           ^^^^^^^^^^^^^^^^^^^^
  File "C:\Users\hp\OneDrive\Desktop\enoch-shopping\.venv\Lib\site-packages\django\template\defaulttags.py", line 480, in render
    url = reverse(view_name, args=args, kwargs=kwargs, current_app=current_app)
          ^^^^^^^^^^^^^^^^^^^^^^^^^^^^^^^^^^^^^^^^^^^^^^^^^^^^^^^^^^^^^^^^^^^^^
  File "C:\Users\hp\OneDrive\Desktop\enoch-shopping\.venv\Lib\site-packages\django\urls\base.py", line 88, in reverse
    return resolver._reverse_with_prefix(view, prefix, *args, **kwargs)
           ^^^^^^^^^^^^^^^^^^^^^^^^^^^^^^^^^^^^^^^^^^^^^^^^^^^^^^^^^^^^
  File "C:\Users\hp\OneDrive\Desktop\enoch-shopping\.venv\Lib\site-packages\django\urls\resolvers.py", line 831, in _reverse_with_prefix
    raise NoReverseMatch(msg)
django.urls.exceptions.NoReverseMatch: Reverse for 'remove_from_cart' not found. 'remove_from_cart' is not a valid view function or pattern name.
"GET /cart/ HTTP/1.1" 500 196008
"GET /static/images/profile.jpg HTTP/1.1" 404 1981
"GET /static/images/profile.jpg HTTP/1.1" 404 1981
Not Found: /cart/remove/1/
"POST /cart/remove/1/ HTTP/1.1" 404 19435
"GET /static/css/styles.css HTTP/1.1" 404 1969
"GET /static/images/profile.jpg HTTP/1.1" 404 1981
Not Found: /cart/remove/1/
"POST /cart/remove/1/ HTTP/1.1" 404 19435
Not Found: /cart/remove/1/
"POST /cart/remove/1/ HTTP/1.1" 404 19435
Not Found: /cart/remove/1/
"POST /cart/remove/1/ HTTP/1.1" 404 19435
Not Found: /cart/remove/1/
"POST /cart/remove/1/ HTTP/1.1" 404 19435
Not Found: /cart/remove/1/
"POST /cart/remove/1/ HTTP/1.1" 404 19435
Not Found: /cart/remove/1/
"POST /cart/remove/1/ HTTP/1.1" 404 19435
Not Found: /cart/remove/7/
"POST /cart/remove/7/ HTTP/1.1" 404 19435
Not Found: /cart/remove/7/
"POST /cart/remove/7/ HTTP/1.1" 404 19435
"GET /static/css/styles.css HTTP/1.1" 404 1969
"GET /static/images/profile.jpg HTTP/1.1" 404 1981
"GET /static/images/profile.jpg HTTP/1.1" 404 1981
"GET /static/css/styles.css HTTP/1.1" 404 1969
"GET /static/images/profile.jpg HTTP/1.1" 404 1981
"GET /static/css/styles.css HTTP/1.1" 404 1969
Not Found: /cart/remove/1/
"POST /cart/remove/1/ HTTP/1.1" 404 19435
Not Found: /cart/remove/1/
"POST /cart/remove/1/ HTTP/1.1" 404 19435
Not Found: /cart/remove/1/
"POST /cart/remove/1/ HTTP/1.1" 404 19435
"GET /static/images/profile.jpg HTTP/1.1" 404 1981
"GET /static/css/styles.css HTTP/1.1" 404 1969
Not Found: /cart/remove/7/
"POST /cart/remove/7/ HTTP/1.1" 404 3970
Not Found: /cart/remove/7/
"POST /cart/remove/7/ HTTP/1.1" 404 3970
Not Found: /cart/remove/7/
"POST /cart/remove/7/ HTTP/1.1" 404 3970
Not Found: /cart/remove/7/
"POST /cart/remove/7/ HTTP/1.1" 404 3970
Not Found: /cart/remove/7/
"POST /cart/remove/7/ HTTP/1.1" 404 3970
Not Found: /cart/remove/7/
"POST /cart/remove/7/ HTTP/1.1" 404 3970
Not Found: /cart/remove/7/
"POST /cart/remove/7/ HTTP/1.1" 404 3970
Not Found: /cart/remove/7/
"POST /cart/remove/7/ HTTP/1.1" 404 3970
Not Found: /cart/remove/7/
"POST /cart/remove/7/ HTTP/1.1" 404 3970
Not Found: /cart/remove/7/
"POST /cart/remove/7/ HTTP/1.1" 404 3970
Not Found: /cart/remove/7/
"POST /cart/remove/7/ HTTP/1.1" 404 3970
Not Found: /cart/remove/7/
"POST /cart/remove/7/ HTTP/1.1" 404 3970
Not Found: /cart/remove/7/
"POST /cart/remove/7/ HTTP/1.1" 404 3970
Not Found: /cart/remove/7/
"POST /cart/remove/7/ HTTP/1.1" 404 3970
"GET /static/css/styles.css HTTP/1.1" 404 1969
"GET /static/images/profile.jpg HTTP/1.1" 404 1981
Not Found: /cart/remove/7/
"POST /cart/remove/7/ HTTP/1.1" 404 3970
Not Found: /cart/remove/7/
"POST /cart/remove/7/ HTTP/1.1" 404 3970
Not Found: /cart/remove/7/
"POST /cart/remove/7/ HTTP/1.1" 404 3970
Not Found: /cart/remove/3/
"POST /cart/remove/3/ HTTP/1.1" 404 3970
Not Found: /cart/remove/4/
"POST /cart/remove/4/ HTTP/1.1" 404 3970
Not Found: /cart/remove/4/
"POST /cart/remove/4/ HTTP/1.1" 404 3970
Not Found: /cart/remove/4/
"POST /cart/remove/4/ HTTP/1.1" 404 3970
Not Found: /cart/remove/5/
"POST /cart/remove/5/ HTTP/1.1" 404 3970
"GET /static/images/profile.jpg HTTP/1.1" 404 1981
"GET /static/css/styles.css HTTP/1.1" 404 1969
Not Found: /cart/remove/7/
"POST /cart/remove/7/ HTTP/1.1" 404 3970
Not Found: /cart/remove/5/
"POST /cart/remove/5/ HTTP/1.1" 404 3970
"GET /static/css/styles.css HTTP/1.1" 404 1969
"GET /static/images/profile.jpg HTTP/1.1" 404 1981
"GET /static/css/styles.css HTTP/1.1" 404 1969
"GET /static/images/profile.jpg HTTP/1.1" 404 1981
Not Found: /cart/remove/7/
"POST /cart/remove/7/ HTTP/1.1" 404 3970
Not Found: /cart/remove/7/
"POST /cart/remove/7/ HTTP/1.1" 404 3970
Internal Server Error: /cart/
Traceback (most recent call last):
  File "C:\Users\hp\OneDrive\Desktop\enoch-shopping\.venv\Lib\site-packages\django\core\handlers\exception.py", line 55, in inner
    response = get_response(request)
               ^^^^^^^^^^^^^^^^^^^^^
  File "C:\Users\hp\OneDrive\Desktop\enoch-shopping\.venv\Lib\site-packages\django\core\handlers\base.py", line 197, in _get_response
    response = wrapped_callback(request, *callback_args, **callback_kwargs)
               ^^^^^^^^^^^^^^^^^^^^^^^^^^^^^^^^^^^^^^^^^^^^^^^^^^^^^^^^^^^^
  File "C:\Users\hp\OneDrive\Desktop\enoch-shopping\shop\views.py", line 1756, in cart_view
    return render(request, 'shop/cart_view.html', context)
           ^^^^^^^^^^^^^^^^^^^^^^^^^^^^^^^^^^^^^^^^^^^^^^^
  File "C:\Users\hp\OneDrive\Desktop\enoch-shopping\.venv\Lib\site-packages\django\shortcuts.py", line 25, in render
    content = loader.render_to_string(template_name, context, request, using=using)
              ^^^^^^^^^^^^^^^^^^^^^^^^^^^^^^^^^^^^^^^^^^^^^^^^^^^^^^^^^^^^^^^^^^^^^
  File "C:\Users\hp\OneDrive\Desktop\enoch-shopping\.venv\Lib\site-packages\django\template\loader.py", line 62, in render_to_string
    return template.render(context, request)
           ^^^^^^^^^^^^^^^^^^^^^^^^^^^^^^^^^
  File "C:\Users\hp\OneDrive\Desktop\enoch-shopping\.venv\Lib\site-packages\django\template\backends\django.py", line 107, in render
    return self.template.render(context)
           ^^^^^^^^^^^^^^^^^^^^^^^^^^^^^
  File "C:\Users\hp\OneDrive\Desktop\enoch-shopping\.venv\Lib\site-packages\django\template\base.py", line 171, in render
    return self._render(context)
           ^^^^^^^^^^^^^^^^^^^^^
  File "C:\Users\hp\OneDrive\Desktop\enoch-shopping\.venv\Lib\site-packages\django\template\base.py", line 163, in _render
    return self.nodelist.render(context)
           ^^^^^^^^^^^^^^^^^^^^^^^^^^^^^
  File "C:\Users\hp\OneDrive\Desktop\enoch-shopping\.venv\Lib\site-packages\django\template\base.py", line 1008, in render
    return SafeString("".join([node.render_annotated(context) for node in self]))
                               ^^^^^^^^^^^^^^^^^^^^^^^^^^^^^^
  File "C:\Users\hp\OneDrive\Desktop\enoch-shopping\.venv\Lib\site-packages\django\template\base.py", line 969, in render_annotated
    return self.render(context)
           ^^^^^^^^^^^^^^^^^^^^
  File "C:\Users\hp\OneDrive\Desktop\enoch-shopping\.venv\Lib\site-packages\django\template\loader_tags.py", line 159, in render
    return compiled_parent._render(context)
           ^^^^^^^^^^^^^^^^^^^^^^^^^^^^^^^^
  File "C:\Users\hp\OneDrive\Desktop\enoch-shopping\.venv\Lib\site-packages\django\template\base.py", line 163, in _render
    return self.nodelist.render(context)
           ^^^^^^^^^^^^^^^^^^^^^^^^^^^^^
  File "C:\Users\hp\OneDrive\Desktop\enoch-shopping\.venv\Lib\site-packages\django\template\base.py", line 1008, in render
    return SafeString("".join([node.render_annotated(context) for node in self]))
                               ^^^^^^^^^^^^^^^^^^^^^^^^^^^^^^
  File "C:\Users\hp\OneDrive\Desktop\enoch-shopping\.venv\Lib\site-packages\django\template\base.py", line 969, in render_annotated
    return self.render(context)
           ^^^^^^^^^^^^^^^^^^^^
  File "C:\Users\hp\OneDrive\Desktop\enoch-shopping\.venv\Lib\site-packages\django\template\loader_tags.py", line 65, in render
    result = block.nodelist.render(context)
             ^^^^^^^^^^^^^^^^^^^^^^^^^^^^^^
  File "C:\Users\hp\OneDrive\Desktop\enoch-shopping\.venv\Lib\site-packages\django\template\base.py", line 1008, in render
    return SafeString("".join([node.render_annotated(context) for node in self]))
                               ^^^^^^^^^^^^^^^^^^^^^^^^^^^^^^
  File "C:\Users\hp\OneDrive\Desktop\enoch-shopping\.venv\Lib\site-packages\django\template\base.py", line 969, in render_annotated
    return self.render(context)
           ^^^^^^^^^^^^^^^^^^^^
  File "C:\Users\hp\OneDrive\Desktop\enoch-shopping\.venv\Lib\site-packages\django\template\defaulttags.py", line 480, in render
    url = reverse(view_name, args=args, kwargs=kwargs, current_app=current_app)
          ^^^^^^^^^^^^^^^^^^^^^^^^^^^^^^^^^^^^^^^^^^^^^^^^^^^^^^^^^^^^^^^^^^^^^
  File "C:\Users\hp\OneDrive\Desktop\enoch-shopping\.venv\Lib\site-packages\django\urls\base.py", line 88, in reverse
    return resolver._reverse_with_prefix(view, prefix, *args, **kwargs)
           ^^^^^^^^^^^^^^^^^^^^^^^^^^^^^^^^^^^^^^^^^^^^^^^^^^^^^^^^^^^^
  File "C:\Users\hp\OneDrive\Desktop\enoch-shopping\.venv\Lib\site-packages\django\urls\resolvers.py", line 831, in _reverse_with_prefix
    raise NoReverseMatch(msg)
django.urls.exceptions.NoReverseMatch: Reverse for 'remove_from_cart' with arguments '('',)' not found. 1 pattern(s) tried: ['cart/remove/(?P<item_id>[0-9]+)/\\Z']
"GET /cart/ HTTP/1.1" 500 184078
"GET /static/images/profile.jpg HTTP/1.1" 404 1981
"GET /static/css/styles.css HTTP/1.1" 404 1969
"GET /static/images/profile.jpg HTTP/1.1" 404 1981
"GET /static/css/styles.css HTTP/1.1" 404 1969
"GET /static/images/profile.jpg HTTP/1.1" 404 1981
"GET /static/css/styles.css HTTP/1.1" 404 1969
Not Found: /cart/remove/7/
"POST /cart/remove/7/ HTTP/1.1" 404 3970
Not Found: /cart/remove/7/
"POST /cart/remove/7/ HTTP/1.1" 404 3970
Not Found: /cart/remove/7/
"POST /cart/remove/7/ HTTP/1.1" 404 3970
Not Found: /cart/remove/5/
"POST /cart/remove/5/ HTTP/1.1" 404 3970
Not Found: /cart/remove/2/
"POST /cart/remove/2/ HTTP/1.1" 404 3970
"GET /static/css/styles.css HTTP/1.1" 404 1969
"GET /static/images/profile.jpg HTTP/1.1" 404 1981
"GET /static/css/styles.css HTTP/1.1" 404 1969
"GET /static/images/profile.jpg HTTP/1.1" 404 1981
"GET /static/images/profile.jpg HTTP/1.1" 404 1981
"GET /static/css/styles.css HTTP/1.1" 404 1969
"GET /static/images/profile.jpg HTTP/1.1" 404 1981
"GET /static/css/styles.css HTTP/1.1" 404 1969
"GET /static/css/styles.css HTTP/1.1" 404 1969
"GET /static/images/profile.jpg HTTP/1.1" 404 1981
"GET /static/css/styles.css HTTP/1.1" 404 1969
"GET /static/images/profile.jpg HTTP/1.1" 404 1981
"GET /static/images/profile.jpg HTTP/1.1" 404 1981
"GET /static/css/styles.css HTTP/1.1" 404 1969
"GET /static/images/profile.jpg HTTP/1.1" 404 1981
"GET /static/css/styles.css HTTP/1.1" 404 1969
"GET /static/css/styles.css HTTP/1.1" 404 1969
"GET /static/images/profile.jpg HTTP/1.1" 404 1981
"GET /static/css/styles.css HTTP/1.1" 404 1969
"GET /static/images/profile.jpg HTTP/1.1" 404 1981
"GET /static/images/profile.jpg HTTP/1.1" 404 1981
"GET /static/css/styles.css HTTP/1.1" 404 1969
"GET /static/css/styles.css HTTP/1.1" 404 1969
"GET /static/images/profile.jpg HTTP/1.1" 404 1981
"GET /static/css/styles.css HTTP/1.1" 404 1969
"GET /static/images/profile.jpg HTTP/1.1" 404 1981
"GET /static/css/styles.css HTTP/1.1" 404 1969
"GET /static/css/styles.css HTTP/1.1" 404 1969
"GET /static/images/profile.jpg HTTP/1.1" 404 1981
"GET /static/css/styles.css HTTP/1.1" 404 1969
"GET /static/images/profile.jpg HTTP/1.1" 404 1981
"GET /static/css/styles.css HTTP/1.1" 404 1969
"GET /static/images/profile.jpg HTTP/1.1" 404 1981
"GET /static/css/styles.css HTTP/1.1" 404 1969
"GET /static/images/profile.jpg HTTP/1.1" 404 1981
"GET /static/css/styles.css HTTP/1.1" 404 1969
"GET /static/images/profile.jpg HTTP/1.1" 404 1981
"GET /static/css/styles.css HTTP/1.1" 404 1969
"GET /static/css/styles.css HTTP/1.1" 404 1969
"GET /static/images/profile.jpg HTTP/1.1" 404 1981
"GET /static/css/styles.css HTTP/1.1" 404 1969
"GET /static/images/profile.jpg HTTP/1.1" 404 1981
Internal Server Error: /remove-from-wishlist/1/
Traceback (most recent call last):
  File "C:\Users\hp\OneDrive\Desktop\enoch-shopping\.venv\Lib\site-packages\django\core\handlers\exception.py", line 55, in inner
    response = get_response(request)
               ^^^^^^^^^^^^^^^^^^^^^
  File "C:\Users\hp\OneDrive\Desktop\enoch-shopping\.venv\Lib\site-packages\django\core\handlers\base.py", line 197, in _get_response
    response = wrapped_callback(request, *callback_args, **callback_kwargs)
               ^^^^^^^^^^^^^^^^^^^^^^^^^^^^^^^^^^^^^^^^^^^^^^^^^^^^^^^^^^^^
  File "C:\Users\hp\OneDrive\Desktop\enoch-shopping\shop\views.py", line 1462, in remove_from_wishlist
    wishlist = get_object_or_404(Wishlist, user=request.user)
               ^^^^^^^^^^^^^^^^^^^^^^^^^^^^^^^^^^^^^^^^^^^^^^
  File "C:\Users\hp\OneDrive\Desktop\enoch-shopping\.venv\Lib\site-packages\django\shortcuts.py", line 86, in get_object_or_404
    return queryset.get(*args, **kwargs)
           ^^^^^^^^^^^^^^^^^^^^^^^^^^^^^
  File "C:\Users\hp\OneDrive\Desktop\enoch-shopping\.venv\Lib\site-packages\django\db\models\query.py", line 652, in get
    raise self.model.MultipleObjectsReturned(
shop.models.Wishlist.MultipleObjectsReturned: get() returned more than one Wishlist -- it returned 4!
"POST /remove-from-wishlist/1/ HTTP/1.1" 500 75343
"GET /static/css/styles.css HTTP/1.1" 404 1969
"GET /static/images/profile.jpg HTTP/1.1" 404 1981
"GET /static/images/profile.jpg HTTP/1.1" 404 1981
"GET /static/css/styles.css HTTP/1.1" 404 1969
Internal Server Error: /
Traceback (most recent call last):
  File "C:\Users\hp\OneDrive\Desktop\enoch-shopping\.venv\Lib\site-packages\django\core\handlers\exception.py", line 55, in inner
    response = get_response(request)
               ^^^^^^^^^^^^^^^^^^^^^
  File "C:\Users\hp\OneDrive\Desktop\enoch-shopping\.venv\Lib\site-packages\django\core\handlers\base.py", line 197, in _get_response
    response = wrapped_callback(request, *callback_args, **callback_kwargs)
               ^^^^^^^^^^^^^^^^^^^^^^^^^^^^^^^^^^^^^^^^^^^^^^^^^^^^^^^^^^^^
  File "C:\Users\hp\OneDrive\Desktop\enoch-shopping\shop\views.py", line 1582, in home
    return render(request, 'shop/home.html', {'products': products})
           ^^^^^^^^^^^^^^^^^^^^^^^^^^^^^^^^^^^^^^^^^^^^^^^^^^^^^^^^^
  File "C:\Users\hp\OneDrive\Desktop\enoch-shopping\.venv\Lib\site-packages\django\shortcuts.py", line 25, in render
    content = loader.render_to_string(template_name, context, request, using=using)
              ^^^^^^^^^^^^^^^^^^^^^^^^^^^^^^^^^^^^^^^^^^^^^^^^^^^^^^^^^^^^^^^^^^^^^
  File "C:\Users\hp\OneDrive\Desktop\enoch-shopping\.venv\Lib\site-packages\django\template\loader.py", line 62, in render_to_string
    return template.render(context, request)
           ^^^^^^^^^^^^^^^^^^^^^^^^^^^^^^^^^
  File "C:\Users\hp\OneDrive\Desktop\enoch-shopping\.venv\Lib\site-packages\django\template\backends\django.py", line 107, in render
    return self.template.render(context)
           ^^^^^^^^^^^^^^^^^^^^^^^^^^^^^
  File "C:\Users\hp\OneDrive\Desktop\enoch-shopping\.venv\Lib\site-packages\django\template\base.py", line 171, in render
    return self._render(context)
           ^^^^^^^^^^^^^^^^^^^^^
  File "C:\Users\hp\OneDrive\Desktop\enoch-shopping\.venv\Lib\site-packages\django\template\base.py", line 163, in _render
    return self.nodelist.render(context)
           ^^^^^^^^^^^^^^^^^^^^^^^^^^^^^
  File "C:\Users\hp\OneDrive\Desktop\enoch-shopping\.venv\Lib\site-packages\django\template\base.py", line 1008, in render
    return SafeString("".join([node.render_annotated(context) for node in self]))
                               ^^^^^^^^^^^^^^^^^^^^^^^^^^^^^^
  File "C:\Users\hp\OneDrive\Desktop\enoch-shopping\.venv\Lib\site-packages\django\template\base.py", line 969, in render_annotated
    return self.render(context)
           ^^^^^^^^^^^^^^^^^^^^
  File "C:\Users\hp\OneDrive\Desktop\enoch-shopping\.venv\Lib\site-packages\django\template\loader_tags.py", line 159, in render
    return compiled_parent._render(context)
           ^^^^^^^^^^^^^^^^^^^^^^^^^^^^^^^^
  File "C:\Users\hp\OneDrive\Desktop\enoch-shopping\.venv\Lib\site-packages\django\template\base.py", line 163, in _render
    return self.nodelist.render(context)
           ^^^^^^^^^^^^^^^^^^^^^^^^^^^^^
  File "C:\Users\hp\OneDrive\Desktop\enoch-shopping\.venv\Lib\site-packages\django\template\base.py", line 1008, in render
    return SafeString("".join([node.render_annotated(context) for node in self]))
                               ^^^^^^^^^^^^^^^^^^^^^^^^^^^^^^
  File "C:\Users\hp\OneDrive\Desktop\enoch-shopping\.venv\Lib\site-packages\django\template\base.py", line 969, in render_annotated
    return self.render(context)
           ^^^^^^^^^^^^^^^^^^^^
  File "C:\Users\hp\OneDrive\Desktop\enoch-shopping\.venv\Lib\site-packages\django\template\defaulttags.py", line 327, in render
    return nodelist.render(context)
           ^^^^^^^^^^^^^^^^^^^^^^^^
  File "C:\Users\hp\OneDrive\Desktop\enoch-shopping\.venv\Lib\site-packages\django\template\base.py", line 1008, in render
    return SafeString("".join([node.render_annotated(context) for node in self]))
                               ^^^^^^^^^^^^^^^^^^^^^^^^^^^^^^
  File "C:\Users\hp\OneDrive\Desktop\enoch-shopping\.venv\Lib\site-packages\django\template\base.py", line 969, in render_annotated
    return self.render(context)
           ^^^^^^^^^^^^^^^^^^^^
  File "C:\Users\hp\OneDrive\Desktop\enoch-shopping\.venv\Lib\site-packages\django\template\defaulttags.py", line 480, in render
    url = reverse(view_name, args=args, kwargs=kwargs, current_app=current_app)
          ^^^^^^^^^^^^^^^^^^^^^^^^^^^^^^^^^^^^^^^^^^^^^^^^^^^^^^^^^^^^^^^^^^^^^
  File "C:\Users\hp\OneDrive\Desktop\enoch-shopping\.venv\Lib\site-packages\django\urls\base.py", line 88, in reverse
    return resolver._reverse_with_prefix(view, prefix, *args, **kwargs)
           ^^^^^^^^^^^^^^^^^^^^^^^^^^^^^^^^^^^^^^^^^^^^^^^^^^^^^^^^^^^^
  File "C:\Users\hp\OneDrive\Desktop\enoch-shopping\.venv\Lib\site-packages\django\urls\resolvers.py", line 831, in _reverse_with_prefix
    raise NoReverseMatch(msg)
django.urls.exceptions.NoReverseMatch: Reverse for 'signup' not found. 'signup' is not a valid view function or pattern name.
"GET / HTTP/1.1" 500 154296
"GET /static/images/profile.jpg HTTP/1.1" 404 1981
"GET /static/css/styles.css HTTP/1.1" 404 1969
"GET /static/images/banner.jpg HTTP/1.1" 404 1978
"GET /static/css/styles.css HTTP/1.1" 404 1969
"GET /static/images/profile.jpg HTTP/1.1" 404 1981
"GET /static/images/banner.jpg HTTP/1.1" 404 1978
Internal Server Error: /register/
Traceback (most recent call last):
  File "C:\Users\hp\OneDrive\Desktop\enoch-shopping\.venv\Lib\site-packages\django\core\handlers\exception.py", line 55, in inner
    response = get_response(request)
               ^^^^^^^^^^^^^^^^^^^^^
  File "C:\Users\hp\OneDrive\Desktop\enoch-shopping\.venv\Lib\site-packages\django\core\handlers\base.py", line 197, in _get_response
    response = wrapped_callback(request, *callback_args, **callback_kwargs)
               ^^^^^^^^^^^^^^^^^^^^^^^^^^^^^^^^^^^^^^^^^^^^^^^^^^^^^^^^^^^^
  File "C:\Users\hp\OneDrive\Desktop\enoch-shopping\shop\views.py", line 399, in register
    if form.is_valid():
       ^^^^^^^^^^^^^^^
  File "C:\Users\hp\OneDrive\Desktop\enoch-shopping\.venv\Lib\site-packages\django\forms\forms.py", line 197, in is_valid
    return self.is_bound and not self.errors
                                 ^^^^^^^^^^^
  File "C:\Users\hp\OneDrive\Desktop\enoch-shopping\.venv\Lib\site-packages\django\forms\forms.py", line 192, in errors
    self.full_clean()
  File "C:\Users\hp\OneDrive\Desktop\enoch-shopping\.venv\Lib\site-packages\django\forms\forms.py", line 325, in full_clean
    self._clean_fields()
  File "C:\Users\hp\OneDrive\Desktop\enoch-shopping\.venv\Lib\site-packages\django\forms\forms.py", line 335, in _clean_fields
    value = getattr(self, "clean_%s" % name)()
            ^^^^^^^^^^^^^^^^^^^^^^^^^^^^^^^^^^
  File "C:\Users\hp\OneDrive\Desktop\enoch-shopping\.venv\Lib\site-packages\django\contrib\auth\forms.py", line 268, in clean_username
    and self._meta.model.objects.filter(username__iexact=username).exists()
        ^^^^^^^^^^^^^^^^^^^^^^^^
  File "C:\Users\hp\OneDrive\Desktop\enoch-shopping\.venv\Lib\site-packages\django\db\models\manager.py", line 196, in __get__
    raise AttributeError(
AttributeError: Manager isn't available; 'auth.User' has been swapped for 'shop.User'
"POST /register/ HTTP/1.1" 500 89974
"GET /static/images/profile.jpg HTTP/1.1" 404 1981
"GET /static/css/styles.css HTTP/1.1" 404 1969
"GET /static/images/banner.jpg HTTP/1.1" 404 1978
"GET /static/css/styles.css HTTP/1.1" 404 1969
"GET /static/images/profile.jpg HTTP/1.1" 404 1981
Internal Server Error: /cart/
Traceback (most recent call last):
  File "C:\Users\hp\OneDrive\Desktop\enoch-shopping\.venv\Lib\site-packages\django\core\handlers\exception.py", line 55, in inner
    response = get_response(request)
               ^^^^^^^^^^^^^^^^^^^^^
  File "C:\Users\hp\OneDrive\Desktop\enoch-shopping\.venv\Lib\site-packages\django\core\handlers\base.py", line 197, in _get_response
    response = wrapped_callback(request, *callback_args, **callback_kwargs)
               ^^^^^^^^^^^^^^^^^^^^^^^^^^^^^^^^^^^^^^^^^^^^^^^^^^^^^^^^^^^^
  File "C:\Users\hp\OneDrive\Desktop\enoch-shopping\shop\views.py", line 1756, in cart_view
    return render(request, 'shop/cart_view.html', context)
           ^^^^^^^^^^^^^^^^^^^^^^^^^^^^^^^^^^^^^^^^^^^^^^^
  File "C:\Users\hp\OneDrive\Desktop\enoch-shopping\.venv\Lib\site-packages\django\shortcuts.py", line 25, in render
    content = loader.render_to_string(template_name, context, request, using=using)
              ^^^^^^^^^^^^^^^^^^^^^^^^^^^^^^^^^^^^^^^^^^^^^^^^^^^^^^^^^^^^^^^^^^^^^
  File "C:\Users\hp\OneDrive\Desktop\enoch-shopping\.venv\Lib\site-packages\django\template\loader.py", line 62, in render_to_string
    return template.render(context, request)
           ^^^^^^^^^^^^^^^^^^^^^^^^^^^^^^^^^
  File "C:\Users\hp\OneDrive\Desktop\enoch-shopping\.venv\Lib\site-packages\django\template\backends\django.py", line 107, in render
    return self.template.render(context)
           ^^^^^^^^^^^^^^^^^^^^^^^^^^^^^
  File "C:\Users\hp\OneDrive\Desktop\enoch-shopping\.venv\Lib\site-packages\django\template\base.py", line 171, in render
    return self._render(context)
           ^^^^^^^^^^^^^^^^^^^^^
  File "C:\Users\hp\OneDrive\Desktop\enoch-shopping\.venv\Lib\site-packages\django\template\base.py", line 163, in _render
    return self.nodelist.render(context)
           ^^^^^^^^^^^^^^^^^^^^^^^^^^^^^
  File "C:\Users\hp\OneDrive\Desktop\enoch-shopping\.venv\Lib\site-packages\django\template\base.py", line 1008, in render
    return SafeString("".join([node.render_annotated(context) for node in self]))
                               ^^^^^^^^^^^^^^^^^^^^^^^^^^^^^^
  File "C:\Users\hp\OneDrive\Desktop\enoch-shopping\.venv\Lib\site-packages\django\template\base.py", line 969, in render_annotated
    return self.render(context)
           ^^^^^^^^^^^^^^^^^^^^
  File "C:\Users\hp\OneDrive\Desktop\enoch-shopping\.venv\Lib\site-packages\django\template\loader_tags.py", line 159, in render
    return compiled_parent._render(context)
           ^^^^^^^^^^^^^^^^^^^^^^^^^^^^^^^^
  File "C:\Users\hp\OneDrive\Desktop\enoch-shopping\.venv\Lib\site-packages\django\template\base.py", line 163, in _render
    return self.nodelist.render(context)
           ^^^^^^^^^^^^^^^^^^^^^^^^^^^^^
  File "C:\Users\hp\OneDrive\Desktop\enoch-shopping\.venv\Lib\site-packages\django\template\base.py", line 1008, in render
    return SafeString("".join([node.render_annotated(context) for node in self]))
                               ^^^^^^^^^^^^^^^^^^^^^^^^^^^^^^
  File "C:\Users\hp\OneDrive\Desktop\enoch-shopping\.venv\Lib\site-packages\django\template\base.py", line 969, in render_annotated
    return self.render(context)
           ^^^^^^^^^^^^^^^^^^^^
  File "C:\Users\hp\OneDrive\Desktop\enoch-shopping\.venv\Lib\site-packages\django\template\loader_tags.py", line 65, in render
    result = block.nodelist.render(context)
             ^^^^^^^^^^^^^^^^^^^^^^^^^^^^^^
  File "C:\Users\hp\OneDrive\Desktop\enoch-shopping\.venv\Lib\site-packages\django\template\base.py", line 1008, in render
    return SafeString("".join([node.render_annotated(context) for node in self]))
                               ^^^^^^^^^^^^^^^^^^^^^^^^^^^^^^
  File "C:\Users\hp\OneDrive\Desktop\enoch-shopping\.venv\Lib\site-packages\django\template\base.py", line 969, in render_annotated
    return self.render(context)
           ^^^^^^^^^^^^^^^^^^^^
  File "C:\Users\hp\OneDrive\Desktop\enoch-shopping\.venv\Lib\site-packages\django\template\defaulttags.py", line 199, in render
    len_values = len(values)
                 ^^^^^^^^^^^
  File "C:\Users\hp\OneDrive\Desktop\enoch-shopping\.venv\Lib\site-packages\django\db\models\query.py", line 382, in __len__
    self._fetch_all()
  File "C:\Users\hp\OneDrive\Desktop\enoch-shopping\.venv\Lib\site-packages\django\db\models\query.py", line 1930, in _fetch_all
    self._prefetch_related_objects()
  File "C:\Users\hp\OneDrive\Desktop\enoch-shopping\.venv\Lib\site-packages\django\db\models\query.py", line 1320, in _prefetch_related_objects
    prefetch_related_objects(self._result_cache, *self._prefetch_related_lookups)
  File "C:\Users\hp\OneDrive\Desktop\enoch-shopping\.venv\Lib\site-packages\django\db\models\query.py", line 2355, in prefetch_related_objects
    raise AttributeError(
AttributeError: Cannot find 'images' on Product object, 'images' is an invalid parameter to prefetch_related()
"GET /cart/ HTTP/1.1" 500 169807
Internal Server Error: /cart/
Traceback (most recent call last):
  File "C:\Users\hp\OneDrive\Desktop\enoch-shopping\.venv\Lib\site-packages\django\core\handlers\exception.py", line 55, in inner
    response = get_response(request)
               ^^^^^^^^^^^^^^^^^^^^^
  File "C:\Users\hp\OneDrive\Desktop\enoch-shopping\.venv\Lib\site-packages\django\core\handlers\base.py", line 197, in _get_response
    response = wrapped_callback(request, *callback_args, **callback_kwargs)
               ^^^^^^^^^^^^^^^^^^^^^^^^^^^^^^^^^^^^^^^^^^^^^^^^^^^^^^^^^^^^
  File "C:\Users\hp\OneDrive\Desktop\enoch-shopping\shop\views.py", line 1756, in cart_view
    return render(request, 'shop/cart_view.html', context)
           ^^^^^^^^^^^^^^^^^^^^^^^^^^^^^^^^^^^^^^^^^^^^^^^
  File "C:\Users\hp\OneDrive\Desktop\enoch-shopping\.venv\Lib\site-packages\django\shortcuts.py", line 25, in render
    content = loader.render_to_string(template_name, context, request, using=using)
              ^^^^^^^^^^^^^^^^^^^^^^^^^^^^^^^^^^^^^^^^^^^^^^^^^^^^^^^^^^^^^^^^^^^^^
  File "C:\Users\hp\OneDrive\Desktop\enoch-shopping\.venv\Lib\site-packages\django\template\loader.py", line 62, in render_to_string
    return template.render(context, request)
           ^^^^^^^^^^^^^^^^^^^^^^^^^^^^^^^^^
  File "C:\Users\hp\OneDrive\Desktop\enoch-shopping\.venv\Lib\site-packages\django\template\backends\django.py", line 107, in render
    return self.template.render(context)
           ^^^^^^^^^^^^^^^^^^^^^^^^^^^^^
  File "C:\Users\hp\OneDrive\Desktop\enoch-shopping\.venv\Lib\site-packages\django\template\base.py", line 171, in render
    return self._render(context)
           ^^^^^^^^^^^^^^^^^^^^^
  File "C:\Users\hp\OneDrive\Desktop\enoch-shopping\.venv\Lib\site-packages\django\template\base.py", line 163, in _render
    return self.nodelist.render(context)
           ^^^^^^^^^^^^^^^^^^^^^^^^^^^^^
  File "C:\Users\hp\OneDrive\Desktop\enoch-shopping\.venv\Lib\site-packages\django\template\base.py", line 1008, in render
    return SafeString("".join([node.render_annotated(context) for node in self]))
                               ^^^^^^^^^^^^^^^^^^^^^^^^^^^^^^
  File "C:\Users\hp\OneDrive\Desktop\enoch-shopping\.venv\Lib\site-packages\django\template\base.py", line 969, in render_annotated
    return self.render(context)
           ^^^^^^^^^^^^^^^^^^^^
  File "C:\Users\hp\OneDrive\Desktop\enoch-shopping\.venv\Lib\site-packages\django\template\loader_tags.py", line 159, in render
    return compiled_parent._render(context)
           ^^^^^^^^^^^^^^^^^^^^^^^^^^^^^^^^
  File "C:\Users\hp\OneDrive\Desktop\enoch-shopping\.venv\Lib\site-packages\django\template\base.py", line 163, in _render
    return self.nodelist.render(context)
           ^^^^^^^^^^^^^^^^^^^^^^^^^^^^^
  File "C:\Users\hp\OneDrive\Desktop\enoch-shopping\.venv\Lib\site-packages\django\template\base.py", line 1008, in render
    return SafeString("".join([node.render_annotated(context) for node in self]))
                               ^^^^^^^^^^^^^^^^^^^^^^^^^^^^^^
  File "C:\Users\hp\OneDrive\Desktop\enoch-shopping\.venv\Lib\site-packages\django\template\base.py", line 969, in render_annotated
    return self.render(context)
           ^^^^^^^^^^^^^^^^^^^^
  File "C:\Users\hp\OneDrive\Desktop\enoch-shopping\.venv\Lib\site-packages\django\template\loader_tags.py", line 65, in render
    result = block.nodelist.render(context)
             ^^^^^^^^^^^^^^^^^^^^^^^^^^^^^^
  File "C:\Users\hp\OneDrive\Desktop\enoch-shopping\.venv\Lib\site-packages\django\template\base.py", line 1008, in render
    return SafeString("".join([node.render_annotated(context) for node in self]))
                               ^^^^^^^^^^^^^^^^^^^^^^^^^^^^^^
  File "C:\Users\hp\OneDrive\Desktop\enoch-shopping\.venv\Lib\site-packages\django\template\base.py", line 969, in render_annotated
    return self.render(context)
           ^^^^^^^^^^^^^^^^^^^^
  File "C:\Users\hp\OneDrive\Desktop\enoch-shopping\.venv\Lib\site-packages\django\template\defaulttags.py", line 199, in render
    len_values = len(values)
                 ^^^^^^^^^^^
  File "C:\Users\hp\OneDrive\Desktop\enoch-shopping\.venv\Lib\site-packages\django\db\models\query.py", line 382, in __len__
    self._fetch_all()
  File "C:\Users\hp\OneDrive\Desktop\enoch-shopping\.venv\Lib\site-packages\django\db\models\query.py", line 1930, in _fetch_all
    self._prefetch_related_objects()
  File "C:\Users\hp\OneDrive\Desktop\enoch-shopping\.venv\Lib\site-packages\django\db\models\query.py", line 1320, in _prefetch_related_objects
    prefetch_related_objects(self._result_cache, *self._prefetch_related_lookups)
  File "C:\Users\hp\OneDrive\Desktop\enoch-shopping\.venv\Lib\site-packages\django\db\models\query.py", line 2355, in prefetch_related_objects
    raise AttributeError(
AttributeError: Cannot find 'images' on Product object, 'images' is an invalid parameter to prefetch_related()
"GET /cart/ HTTP/1.1" 500 169807
Internal Server Error: /cart/
Traceback (most recent call last):
  File "C:\Users\hp\OneDrive\Desktop\enoch-shopping\.venv\Lib\site-packages\django\core\handlers\exception.py", line 55, in inner
    response = get_response(request)
               ^^^^^^^^^^^^^^^^^^^^^
  File "C:\Users\hp\OneDrive\Desktop\enoch-shopping\.venv\Lib\site-packages\django\core\handlers\base.py", line 197, in _get_response
    response = wrapped_callback(request, *callback_args, **callback_kwargs)
               ^^^^^^^^^^^^^^^^^^^^^^^^^^^^^^^^^^^^^^^^^^^^^^^^^^^^^^^^^^^^
  File "C:\Users\hp\OneDrive\Desktop\enoch-shopping\shop\views.py", line 1756, in cart_view
    return render(request, 'shop/cart_view.html', context)
           ^^^^^^^^^^^^^^^^^^^^^^^^^^^^^^^^^^^^^^^^^^^^^^^
  File "C:\Users\hp\OneDrive\Desktop\enoch-shopping\.venv\Lib\site-packages\django\shortcuts.py", line 25, in render
    content = loader.render_to_string(template_name, context, request, using=using)
              ^^^^^^^^^^^^^^^^^^^^^^^^^^^^^^^^^^^^^^^^^^^^^^^^^^^^^^^^^^^^^^^^^^^^^
  File "C:\Users\hp\OneDrive\Desktop\enoch-shopping\.venv\Lib\site-packages\django\template\loader.py", line 62, in render_to_string
    return template.render(context, request)
           ^^^^^^^^^^^^^^^^^^^^^^^^^^^^^^^^^
  File "C:\Users\hp\OneDrive\Desktop\enoch-shopping\.venv\Lib\site-packages\django\template\backends\django.py", line 107, in render
    return self.template.render(context)
           ^^^^^^^^^^^^^^^^^^^^^^^^^^^^^
  File "C:\Users\hp\OneDrive\Desktop\enoch-shopping\.venv\Lib\site-packages\django\template\base.py", line 171, in render
    return self._render(context)
           ^^^^^^^^^^^^^^^^^^^^^
  File "C:\Users\hp\OneDrive\Desktop\enoch-shopping\.venv\Lib\site-packages\django\template\base.py", line 163, in _render
    return self.nodelist.render(context)
           ^^^^^^^^^^^^^^^^^^^^^^^^^^^^^
  File "C:\Users\hp\OneDrive\Desktop\enoch-shopping\.venv\Lib\site-packages\django\template\base.py", line 1008, in render
    return SafeString("".join([node.render_annotated(context) for node in self]))
                               ^^^^^^^^^^^^^^^^^^^^^^^^^^^^^^
  File "C:\Users\hp\OneDrive\Desktop\enoch-shopping\.venv\Lib\site-packages\django\template\base.py", line 969, in render_annotated
    return self.render(context)
           ^^^^^^^^^^^^^^^^^^^^
  File "C:\Users\hp\OneDrive\Desktop\enoch-shopping\.venv\Lib\site-packages\django\template\loader_tags.py", line 159, in render
    return compiled_parent._render(context)
           ^^^^^^^^^^^^^^^^^^^^^^^^^^^^^^^^
  File "C:\Users\hp\OneDrive\Desktop\enoch-shopping\.venv\Lib\site-packages\django\template\base.py", line 163, in _render
    return self.nodelist.render(context)
           ^^^^^^^^^^^^^^^^^^^^^^^^^^^^^
  File "C:\Users\hp\OneDrive\Desktop\enoch-shopping\.venv\Lib\site-packages\django\template\base.py", line 1008, in render
    return SafeString("".join([node.render_annotated(context) for node in self]))
                               ^^^^^^^^^^^^^^^^^^^^^^^^^^^^^^
  File "C:\Users\hp\OneDrive\Desktop\enoch-shopping\.venv\Lib\site-packages\django\template\base.py", line 969, in render_annotated
    return self.render(context)
           ^^^^^^^^^^^^^^^^^^^^
  File "C:\Users\hp\OneDrive\Desktop\enoch-shopping\.venv\Lib\site-packages\django\template\loader_tags.py", line 65, in render
    result = block.nodelist.render(context)
             ^^^^^^^^^^^^^^^^^^^^^^^^^^^^^^
  File "C:\Users\hp\OneDrive\Desktop\enoch-shopping\.venv\Lib\site-packages\django\template\base.py", line 1008, in render
    return SafeString("".join([node.render_annotated(context) for node in self]))
                               ^^^^^^^^^^^^^^^^^^^^^^^^^^^^^^
  File "C:\Users\hp\OneDrive\Desktop\enoch-shopping\.venv\Lib\site-packages\django\template\base.py", line 969, in render_annotated
    return self.render(context)
           ^^^^^^^^^^^^^^^^^^^^
  File "C:\Users\hp\OneDrive\Desktop\enoch-shopping\.venv\Lib\site-packages\django\template\defaulttags.py", line 199, in render
    len_values = len(values)
                 ^^^^^^^^^^^
  File "C:\Users\hp\OneDrive\Desktop\enoch-shopping\.venv\Lib\site-packages\django\db\models\query.py", line 382, in __len__
    self._fetch_all()
  File "C:\Users\hp\OneDrive\Desktop\enoch-shopping\.venv\Lib\site-packages\django\db\models\query.py", line 1930, in _fetch_all
    self._prefetch_related_objects()
  File "C:\Users\hp\OneDrive\Desktop\enoch-shopping\.venv\Lib\site-packages\django\db\models\query.py", line 1320, in _prefetch_related_objects
    prefetch_related_objects(self._result_cache, *self._prefetch_related_lookups)
  File "C:\Users\hp\OneDrive\Desktop\enoch-shopping\.venv\Lib\site-packages\django\db\models\query.py", line 2355, in prefetch_related_objects
    raise AttributeError(
AttributeError: Cannot find 'images' on Product object, 'images' is an invalid parameter to prefetch_related()
"GET /cart/ HTTP/1.1" 500 169807
Internal Server Error: /cart/
Traceback (most recent call last):
  File "C:\Users\hp\OneDrive\Desktop\enoch-shopping\.venv\Lib\site-packages\django\core\handlers\exception.py", line 55, in inner
    response = get_response(request)
               ^^^^^^^^^^^^^^^^^^^^^
  File "C:\Users\hp\OneDrive\Desktop\enoch-shopping\.venv\Lib\site-packages\django\core\handlers\base.py", line 197, in _get_response
    response = wrapped_callback(request, *callback_args, **callback_kwargs)
               ^^^^^^^^^^^^^^^^^^^^^^^^^^^^^^^^^^^^^^^^^^^^^^^^^^^^^^^^^^^^
  File "C:\Users\hp\OneDrive\Desktop\enoch-shopping\shop\views.py", line 1756, in cart_view
    return render(request, 'shop/cart_view.html', context)
           ^^^^^^^^^^^^^^^^^^^^^^^^^^^^^^^^^^^^^^^^^^^^^^^
  File "C:\Users\hp\OneDrive\Desktop\enoch-shopping\.venv\Lib\site-packages\django\shortcuts.py", line 25, in render
    content = loader.render_to_string(template_name, context, request, using=using)
              ^^^^^^^^^^^^^^^^^^^^^^^^^^^^^^^^^^^^^^^^^^^^^^^^^^^^^^^^^^^^^^^^^^^^^
  File "C:\Users\hp\OneDrive\Desktop\enoch-shopping\.venv\Lib\site-packages\django\template\loader.py", line 62, in render_to_string
    return template.render(context, request)
           ^^^^^^^^^^^^^^^^^^^^^^^^^^^^^^^^^
  File "C:\Users\hp\OneDrive\Desktop\enoch-shopping\.venv\Lib\site-packages\django\template\backends\django.py", line 107, in render
    return self.template.render(context)
           ^^^^^^^^^^^^^^^^^^^^^^^^^^^^^
  File "C:\Users\hp\OneDrive\Desktop\enoch-shopping\.venv\Lib\site-packages\django\template\base.py", line 171, in render
    return self._render(context)
           ^^^^^^^^^^^^^^^^^^^^^
  File "C:\Users\hp\OneDrive\Desktop\enoch-shopping\.venv\Lib\site-packages\django\template\base.py", line 163, in _render
    return self.nodelist.render(context)
           ^^^^^^^^^^^^^^^^^^^^^^^^^^^^^
  File "C:\Users\hp\OneDrive\Desktop\enoch-shopping\.venv\Lib\site-packages\django\template\base.py", line 1008, in render
    return SafeString("".join([node.render_annotated(context) for node in self]))
                               ^^^^^^^^^^^^^^^^^^^^^^^^^^^^^^
  File "C:\Users\hp\OneDrive\Desktop\enoch-shopping\.venv\Lib\site-packages\django\template\base.py", line 969, in render_annotated
    return self.render(context)
           ^^^^^^^^^^^^^^^^^^^^
  File "C:\Users\hp\OneDrive\Desktop\enoch-shopping\.venv\Lib\site-packages\django\template\loader_tags.py", line 159, in render
    return compiled_parent._render(context)
           ^^^^^^^^^^^^^^^^^^^^^^^^^^^^^^^^
  File "C:\Users\hp\OneDrive\Desktop\enoch-shopping\.venv\Lib\site-packages\django\template\base.py", line 163, in _render
    return self.nodelist.render(context)
           ^^^^^^^^^^^^^^^^^^^^^^^^^^^^^
  File "C:\Users\hp\OneDrive\Desktop\enoch-shopping\.venv\Lib\site-packages\django\template\base.py", line 1008, in render
    return SafeString("".join([node.render_annotated(context) for node in self]))
                               ^^^^^^^^^^^^^^^^^^^^^^^^^^^^^^
  File "C:\Users\hp\OneDrive\Desktop\enoch-shopping\.venv\Lib\site-packages\django\template\base.py", line 969, in render_annotated
    return self.render(context)
           ^^^^^^^^^^^^^^^^^^^^
  File "C:\Users\hp\OneDrive\Desktop\enoch-shopping\.venv\Lib\site-packages\django\template\loader_tags.py", line 65, in render
    result = block.nodelist.render(context)
             ^^^^^^^^^^^^^^^^^^^^^^^^^^^^^^
  File "C:\Users\hp\OneDrive\Desktop\enoch-shopping\.venv\Lib\site-packages\django\template\base.py", line 1008, in render
    return SafeString("".join([node.render_annotated(context) for node in self]))
                               ^^^^^^^^^^^^^^^^^^^^^^^^^^^^^^
  File "C:\Users\hp\OneDrive\Desktop\enoch-shopping\.venv\Lib\site-packages\django\template\base.py", line 969, in render_annotated
    return self.render(context)
           ^^^^^^^^^^^^^^^^^^^^
  File "C:\Users\hp\OneDrive\Desktop\enoch-shopping\.venv\Lib\site-packages\django\template\defaulttags.py", line 199, in render
    len_values = len(values)
                 ^^^^^^^^^^^
  File "C:\Users\hp\OneDrive\Desktop\enoch-shopping\.venv\Lib\site-packages\django\db\models\query.py", line 382, in __len__
    self._fetch_all()
  File "C:\Users\hp\OneDrive\Desktop\enoch-shopping\.venv\Lib\site-packages\django\db\models\query.py", line 1930, in _fetch_all
    self._prefetch_related_objects()
  File "C:\Users\hp\OneDrive\Desktop\enoch-shopping\.venv\Lib\site-packages\django\db\models\query.py", line 1320, in _prefetch_related_objects
    prefetch_related_objects(self._result_cache, *self._prefetch_related_lookups)
  File "C:\Users\hp\OneDrive\Desktop\enoch-shopping\.venv\Lib\site-packages\django\db\models\query.py", line 2355, in prefetch_related_objects
    raise AttributeError(
AttributeError: Cannot find 'images' on Product object, 'images' is an invalid parameter to prefetch_related()
"GET /cart/ HTTP/1.1" 500 169807
Internal Server Error: /cart/
Traceback (most recent call last):
  File "C:\Users\hp\OneDrive\Desktop\enoch-shopping\.venv\Lib\site-packages\django\core\handlers\exception.py", line 55, in inner
    response = get_response(request)
               ^^^^^^^^^^^^^^^^^^^^^
  File "C:\Users\hp\OneDrive\Desktop\enoch-shopping\.venv\Lib\site-packages\django\core\handlers\base.py", line 197, in _get_response
    response = wrapped_callback(request, *callback_args, **callback_kwargs)
               ^^^^^^^^^^^^^^^^^^^^^^^^^^^^^^^^^^^^^^^^^^^^^^^^^^^^^^^^^^^^
  File "C:\Users\hp\OneDrive\Desktop\enoch-shopping\shop\views.py", line 1756, in cart_view
    return render(request, 'shop/cart_view.html', context)
           ^^^^^^^^^^^^^^^^^^^^^^^^^^^^^^^^^^^^^^^^^^^^^^^
  File "C:\Users\hp\OneDrive\Desktop\enoch-shopping\.venv\Lib\site-packages\django\shortcuts.py", line 25, in render
    content = loader.render_to_string(template_name, context, request, using=using)
              ^^^^^^^^^^^^^^^^^^^^^^^^^^^^^^^^^^^^^^^^^^^^^^^^^^^^^^^^^^^^^^^^^^^^^
  File "C:\Users\hp\OneDrive\Desktop\enoch-shopping\.venv\Lib\site-packages\django\template\loader.py", line 62, in render_to_string
    return template.render(context, request)
           ^^^^^^^^^^^^^^^^^^^^^^^^^^^^^^^^^
  File "C:\Users\hp\OneDrive\Desktop\enoch-shopping\.venv\Lib\site-packages\django\template\backends\django.py", line 107, in render
    return self.template.render(context)
           ^^^^^^^^^^^^^^^^^^^^^^^^^^^^^
  File "C:\Users\hp\OneDrive\Desktop\enoch-shopping\.venv\Lib\site-packages\django\template\base.py", line 171, in render
    return self._render(context)
           ^^^^^^^^^^^^^^^^^^^^^
  File "C:\Users\hp\OneDrive\Desktop\enoch-shopping\.venv\Lib\site-packages\django\template\base.py", line 163, in _render
    return self.nodelist.render(context)
           ^^^^^^^^^^^^^^^^^^^^^^^^^^^^^
  File "C:\Users\hp\OneDrive\Desktop\enoch-shopping\.venv\Lib\site-packages\django\template\base.py", line 1008, in render
    return SafeString("".join([node.render_annotated(context) for node in self]))
                               ^^^^^^^^^^^^^^^^^^^^^^^^^^^^^^
  File "C:\Users\hp\OneDrive\Desktop\enoch-shopping\.venv\Lib\site-packages\django\template\base.py", line 969, in render_annotated
    return self.render(context)
           ^^^^^^^^^^^^^^^^^^^^
  File "C:\Users\hp\OneDrive\Desktop\enoch-shopping\.venv\Lib\site-packages\django\template\loader_tags.py", line 159, in render
    return compiled_parent._render(context)
           ^^^^^^^^^^^^^^^^^^^^^^^^^^^^^^^^
  File "C:\Users\hp\OneDrive\Desktop\enoch-shopping\.venv\Lib\site-packages\django\template\base.py", line 163, in _render
    return self.nodelist.render(context)
           ^^^^^^^^^^^^^^^^^^^^^^^^^^^^^
  File "C:\Users\hp\OneDrive\Desktop\enoch-shopping\.venv\Lib\site-packages\django\template\base.py", line 1008, in render
    return SafeString("".join([node.render_annotated(context) for node in self]))
                               ^^^^^^^^^^^^^^^^^^^^^^^^^^^^^^
  File "C:\Users\hp\OneDrive\Desktop\enoch-shopping\.venv\Lib\site-packages\django\template\base.py", line 969, in render_annotated
    return self.render(context)
           ^^^^^^^^^^^^^^^^^^^^
  File "C:\Users\hp\OneDrive\Desktop\enoch-shopping\.venv\Lib\site-packages\django\template\loader_tags.py", line 65, in render
    result = block.nodelist.render(context)
             ^^^^^^^^^^^^^^^^^^^^^^^^^^^^^^
  File "C:\Users\hp\OneDrive\Desktop\enoch-shopping\.venv\Lib\site-packages\django\template\base.py", line 1008, in render
    return SafeString("".join([node.render_annotated(context) for node in self]))
                               ^^^^^^^^^^^^^^^^^^^^^^^^^^^^^^
  File "C:\Users\hp\OneDrive\Desktop\enoch-shopping\.venv\Lib\site-packages\django\template\base.py", line 969, in render_annotated
    return self.render(context)
           ^^^^^^^^^^^^^^^^^^^^
  File "C:\Users\hp\OneDrive\Desktop\enoch-shopping\.venv\Lib\site-packages\django\template\defaulttags.py", line 199, in render
    len_values = len(values)
                 ^^^^^^^^^^^
  File "C:\Users\hp\OneDrive\Desktop\enoch-shopping\.venv\Lib\site-packages\django\db\models\query.py", line 382, in __len__
    self._fetch_all()
  File "C:\Users\hp\OneDrive\Desktop\enoch-shopping\.venv\Lib\site-packages\django\db\models\query.py", line 1930, in _fetch_all
    self._prefetch_related_objects()
  File "C:\Users\hp\OneDrive\Desktop\enoch-shopping\.venv\Lib\site-packages\django\db\models\query.py", line 1320, in _prefetch_related_objects
    prefetch_related_objects(self._result_cache, *self._prefetch_related_lookups)
  File "C:\Users\hp\OneDrive\Desktop\enoch-shopping\.venv\Lib\site-packages\django\db\models\query.py", line 2355, in prefetch_related_objects
    raise AttributeError(
AttributeError: Cannot find 'images' on Product object, 'images' is an invalid parameter to prefetch_related()
"GET /cart/ HTTP/1.1" 500 169807
Internal Server Error: /cart/
Traceback (most recent call last):
  File "C:\Users\hp\OneDrive\Desktop\enoch-shopping\.venv\Lib\site-packages\django\core\handlers\exception.py", line 55, in inner
    response = get_response(request)
               ^^^^^^^^^^^^^^^^^^^^^
  File "C:\Users\hp\OneDrive\Desktop\enoch-shopping\.venv\Lib\site-packages\django\core\handlers\base.py", line 197, in _get_response
    response = wrapped_callback(request, *callback_args, **callback_kwargs)
               ^^^^^^^^^^^^^^^^^^^^^^^^^^^^^^^^^^^^^^^^^^^^^^^^^^^^^^^^^^^^
  File "C:\Users\hp\OneDrive\Desktop\enoch-shopping\shop\views.py", line 1756, in cart_view
    return render(request, 'shop/cart_view.html', context)
           ^^^^^^^^^^^^^^^^^^^^^^^^^^^^^^^^^^^^^^^^^^^^^^^
  File "C:\Users\hp\OneDrive\Desktop\enoch-shopping\.venv\Lib\site-packages\django\shortcuts.py", line 25, in render
    content = loader.render_to_string(template_name, context, request, using=using)
              ^^^^^^^^^^^^^^^^^^^^^^^^^^^^^^^^^^^^^^^^^^^^^^^^^^^^^^^^^^^^^^^^^^^^^
  File "C:\Users\hp\OneDrive\Desktop\enoch-shopping\.venv\Lib\site-packages\django\template\loader.py", line 62, in render_to_string
    return template.render(context, request)
           ^^^^^^^^^^^^^^^^^^^^^^^^^^^^^^^^^
  File "C:\Users\hp\OneDrive\Desktop\enoch-shopping\.venv\Lib\site-packages\django\template\backends\django.py", line 107, in render
    return self.template.render(context)
           ^^^^^^^^^^^^^^^^^^^^^^^^^^^^^
  File "C:\Users\hp\OneDrive\Desktop\enoch-shopping\.venv\Lib\site-packages\django\template\base.py", line 171, in render
    return self._render(context)
           ^^^^^^^^^^^^^^^^^^^^^
  File "C:\Users\hp\OneDrive\Desktop\enoch-shopping\.venv\Lib\site-packages\django\template\base.py", line 163, in _render
    return self.nodelist.render(context)
           ^^^^^^^^^^^^^^^^^^^^^^^^^^^^^
  File "C:\Users\hp\OneDrive\Desktop\enoch-shopping\.venv\Lib\site-packages\django\template\base.py", line 1008, in render
    return SafeString("".join([node.render_annotated(context) for node in self]))
                               ^^^^^^^^^^^^^^^^^^^^^^^^^^^^^^
  File "C:\Users\hp\OneDrive\Desktop\enoch-shopping\.venv\Lib\site-packages\django\template\base.py", line 969, in render_annotated
    return self.render(context)
           ^^^^^^^^^^^^^^^^^^^^
  File "C:\Users\hp\OneDrive\Desktop\enoch-shopping\.venv\Lib\site-packages\django\template\loader_tags.py", line 159, in render
    return compiled_parent._render(context)
           ^^^^^^^^^^^^^^^^^^^^^^^^^^^^^^^^
  File "C:\Users\hp\OneDrive\Desktop\enoch-shopping\.venv\Lib\site-packages\django\template\base.py", line 163, in _render
    return self.nodelist.render(context)
           ^^^^^^^^^^^^^^^^^^^^^^^^^^^^^
  File "C:\Users\hp\OneDrive\Desktop\enoch-shopping\.venv\Lib\site-packages\django\template\base.py", line 1008, in render
    return SafeString("".join([node.render_annotated(context) for node in self]))
                               ^^^^^^^^^^^^^^^^^^^^^^^^^^^^^^
  File "C:\Users\hp\OneDrive\Desktop\enoch-shopping\.venv\Lib\site-packages\django\template\base.py", line 969, in render_annotated
    return self.render(context)
           ^^^^^^^^^^^^^^^^^^^^
  File "C:\Users\hp\OneDrive\Desktop\enoch-shopping\.venv\Lib\site-packages\django\template\loader_tags.py", line 65, in render
    result = block.nodelist.render(context)
             ^^^^^^^^^^^^^^^^^^^^^^^^^^^^^^
  File "C:\Users\hp\OneDrive\Desktop\enoch-shopping\.venv\Lib\site-packages\django\template\base.py", line 1008, in render
    return SafeString("".join([node.render_annotated(context) for node in self]))
                               ^^^^^^^^^^^^^^^^^^^^^^^^^^^^^^
  File "C:\Users\hp\OneDrive\Desktop\enoch-shopping\.venv\Lib\site-packages\django\template\base.py", line 969, in render_annotated
    return self.render(context)
           ^^^^^^^^^^^^^^^^^^^^
  File "C:\Users\hp\OneDrive\Desktop\enoch-shopping\.venv\Lib\site-packages\django\template\defaulttags.py", line 199, in render
    len_values = len(values)
                 ^^^^^^^^^^^
  File "C:\Users\hp\OneDrive\Desktop\enoch-shopping\.venv\Lib\site-packages\django\db\models\query.py", line 382, in __len__
    self._fetch_all()
  File "C:\Users\hp\OneDrive\Desktop\enoch-shopping\.venv\Lib\site-packages\django\db\models\query.py", line 1930, in _fetch_all
    self._prefetch_related_objects()
  File "C:\Users\hp\OneDrive\Desktop\enoch-shopping\.venv\Lib\site-packages\django\db\models\query.py", line 1320, in _prefetch_related_objects
    prefetch_related_objects(self._result_cache, *self._prefetch_related_lookups)
  File "C:\Users\hp\OneDrive\Desktop\enoch-shopping\.venv\Lib\site-packages\django\db\models\query.py", line 2355, in prefetch_related_objects
    raise AttributeError(
AttributeError: Cannot find 'images' on Product object, 'images' is an invalid parameter to prefetch_related()
"GET /cart/ HTTP/1.1" 500 169807
Internal Server Error: /cart/
Traceback (most recent call last):
  File "C:\Users\hp\OneDrive\Desktop\enoch-shopping\.venv\Lib\site-packages\django\core\handlers\exception.py", line 55, in inner
    response = get_response(request)
               ^^^^^^^^^^^^^^^^^^^^^
  File "C:\Users\hp\OneDrive\Desktop\enoch-shopping\.venv\Lib\site-packages\django\core\handlers\base.py", line 197, in _get_response
    response = wrapped_callback(request, *callback_args, **callback_kwargs)
               ^^^^^^^^^^^^^^^^^^^^^^^^^^^^^^^^^^^^^^^^^^^^^^^^^^^^^^^^^^^^
  File "C:\Users\hp\OneDrive\Desktop\enoch-shopping\shop\views.py", line 1756, in cart_view
    return render(request, 'shop/cart_view.html', context)
           ^^^^^^^^^^^^^^^^^^^^^^^^^^^^^^^^^^^^^^^^^^^^^^^
  File "C:\Users\hp\OneDrive\Desktop\enoch-shopping\.venv\Lib\site-packages\django\shortcuts.py", line 25, in render
    content = loader.render_to_string(template_name, context, request, using=using)
              ^^^^^^^^^^^^^^^^^^^^^^^^^^^^^^^^^^^^^^^^^^^^^^^^^^^^^^^^^^^^^^^^^^^^^
  File "C:\Users\hp\OneDrive\Desktop\enoch-shopping\.venv\Lib\site-packages\django\template\loader.py", line 62, in render_to_string
    return template.render(context, request)
           ^^^^^^^^^^^^^^^^^^^^^^^^^^^^^^^^^
  File "C:\Users\hp\OneDrive\Desktop\enoch-shopping\.venv\Lib\site-packages\django\template\backends\django.py", line 107, in render
    return self.template.render(context)
           ^^^^^^^^^^^^^^^^^^^^^^^^^^^^^
  File "C:\Users\hp\OneDrive\Desktop\enoch-shopping\.venv\Lib\site-packages\django\template\base.py", line 171, in render
    return self._render(context)
           ^^^^^^^^^^^^^^^^^^^^^
  File "C:\Users\hp\OneDrive\Desktop\enoch-shopping\.venv\Lib\site-packages\django\template\base.py", line 163, in _render
    return self.nodelist.render(context)
           ^^^^^^^^^^^^^^^^^^^^^^^^^^^^^
  File "C:\Users\hp\OneDrive\Desktop\enoch-shopping\.venv\Lib\site-packages\django\template\base.py", line 1008, in render
    return SafeString("".join([node.render_annotated(context) for node in self]))
                               ^^^^^^^^^^^^^^^^^^^^^^^^^^^^^^
  File "C:\Users\hp\OneDrive\Desktop\enoch-shopping\.venv\Lib\site-packages\django\template\base.py", line 969, in render_annotated
    return self.render(context)
           ^^^^^^^^^^^^^^^^^^^^
  File "C:\Users\hp\OneDrive\Desktop\enoch-shopping\.venv\Lib\site-packages\django\template\loader_tags.py", line 159, in render
    return compiled_parent._render(context)
           ^^^^^^^^^^^^^^^^^^^^^^^^^^^^^^^^
  File "C:\Users\hp\OneDrive\Desktop\enoch-shopping\.venv\Lib\site-packages\django\template\base.py", line 163, in _render
    return self.nodelist.render(context)
           ^^^^^^^^^^^^^^^^^^^^^^^^^^^^^
  File "C:\Users\hp\OneDrive\Desktop\enoch-shopping\.venv\Lib\site-packages\django\template\base.py", line 1008, in render
    return SafeString("".join([node.render_annotated(context) for node in self]))
                               ^^^^^^^^^^^^^^^^^^^^^^^^^^^^^^
  File "C:\Users\hp\OneDrive\Desktop\enoch-shopping\.venv\Lib\site-packages\django\template\base.py", line 969, in render_annotated
    return self.render(context)
           ^^^^^^^^^^^^^^^^^^^^
  File "C:\Users\hp\OneDrive\Desktop\enoch-shopping\.venv\Lib\site-packages\django\template\loader_tags.py", line 65, in render
    result = block.nodelist.render(context)
             ^^^^^^^^^^^^^^^^^^^^^^^^^^^^^^
  File "C:\Users\hp\OneDrive\Desktop\enoch-shopping\.venv\Lib\site-packages\django\template\base.py", line 1008, in render
    return SafeString("".join([node.render_annotated(context) for node in self]))
                               ^^^^^^^^^^^^^^^^^^^^^^^^^^^^^^
  File "C:\Users\hp\OneDrive\Desktop\enoch-shopping\.venv\Lib\site-packages\django\template\base.py", line 969, in render_annotated
    return self.render(context)
           ^^^^^^^^^^^^^^^^^^^^
  File "C:\Users\hp\OneDrive\Desktop\enoch-shopping\.venv\Lib\site-packages\django\template\defaulttags.py", line 199, in render
    len_values = len(values)
                 ^^^^^^^^^^^
  File "C:\Users\hp\OneDrive\Desktop\enoch-shopping\.venv\Lib\site-packages\django\db\models\query.py", line 382, in __len__
    self._fetch_all()
  File "C:\Users\hp\OneDrive\Desktop\enoch-shopping\.venv\Lib\site-packages\django\db\models\query.py", line 1930, in _fetch_all
    self._prefetch_related_objects()
  File "C:\Users\hp\OneDrive\Desktop\enoch-shopping\.venv\Lib\site-packages\django\db\models\query.py", line 1320, in _prefetch_related_objects
    prefetch_related_objects(self._result_cache, *self._prefetch_related_lookups)
  File "C:\Users\hp\OneDrive\Desktop\enoch-shopping\.venv\Lib\site-packages\django\db\models\query.py", line 2355, in prefetch_related_objects
    raise AttributeError(
AttributeError: Cannot find 'images' on Product object, 'images' is an invalid parameter to prefetch_related()
"GET /cart/ HTTP/1.1" 500 169807
Internal Server Error: /cart/
Traceback (most recent call last):
  File "C:\Users\hp\OneDrive\Desktop\enoch-shopping\.venv\Lib\site-packages\django\core\handlers\exception.py", line 55, in inner
    response = get_response(request)
               ^^^^^^^^^^^^^^^^^^^^^
  File "C:\Users\hp\OneDrive\Desktop\enoch-shopping\.venv\Lib\site-packages\django\core\handlers\base.py", line 197, in _get_response
    response = wrapped_callback(request, *callback_args, **callback_kwargs)
               ^^^^^^^^^^^^^^^^^^^^^^^^^^^^^^^^^^^^^^^^^^^^^^^^^^^^^^^^^^^^
  File "C:\Users\hp\OneDrive\Desktop\enoch-shopping\shop\views.py", line 1755, in cart_view
    return render(request, 'shop/cart_view.html', context)
           ^^^^^^^^^^^^^^^^^^^^^^^^^^^^^^^^^^^^^^^^^^^^^^^
  File "C:\Users\hp\OneDrive\Desktop\enoch-shopping\.venv\Lib\site-packages\django\shortcuts.py", line 25, in render
    content = loader.render_to_string(template_name, context, request, using=using)
              ^^^^^^^^^^^^^^^^^^^^^^^^^^^^^^^^^^^^^^^^^^^^^^^^^^^^^^^^^^^^^^^^^^^^^
  File "C:\Users\hp\OneDrive\Desktop\enoch-shopping\.venv\Lib\site-packages\django\template\loader.py", line 62, in render_to_string
    return template.render(context, request)
           ^^^^^^^^^^^^^^^^^^^^^^^^^^^^^^^^^
  File "C:\Users\hp\OneDrive\Desktop\enoch-shopping\.venv\Lib\site-packages\django\template\backends\django.py", line 107, in render
    return self.template.render(context)
           ^^^^^^^^^^^^^^^^^^^^^^^^^^^^^
  File "C:\Users\hp\OneDrive\Desktop\enoch-shopping\.venv\Lib\site-packages\django\template\base.py", line 171, in render
    return self._render(context)
           ^^^^^^^^^^^^^^^^^^^^^
  File "C:\Users\hp\OneDrive\Desktop\enoch-shopping\.venv\Lib\site-packages\django\template\base.py", line 163, in _render
    return self.nodelist.render(context)
           ^^^^^^^^^^^^^^^^^^^^^^^^^^^^^
  File "C:\Users\hp\OneDrive\Desktop\enoch-shopping\.venv\Lib\site-packages\django\template\base.py", line 1008, in render
    return SafeString("".join([node.render_annotated(context) for node in self]))
                               ^^^^^^^^^^^^^^^^^^^^^^^^^^^^^^
  File "C:\Users\hp\OneDrive\Desktop\enoch-shopping\.venv\Lib\site-packages\django\template\base.py", line 969, in render_annotated
    return self.render(context)
           ^^^^^^^^^^^^^^^^^^^^
  File "C:\Users\hp\OneDrive\Desktop\enoch-shopping\.venv\Lib\site-packages\django\template\loader_tags.py", line 159, in render
    return compiled_parent._render(context)
           ^^^^^^^^^^^^^^^^^^^^^^^^^^^^^^^^
  File "C:\Users\hp\OneDrive\Desktop\enoch-shopping\.venv\Lib\site-packages\django\template\base.py", line 163, in _render
    return self.nodelist.render(context)
           ^^^^^^^^^^^^^^^^^^^^^^^^^^^^^
  File "C:\Users\hp\OneDrive\Desktop\enoch-shopping\.venv\Lib\site-packages\django\template\base.py", line 1008, in render
    return SafeString("".join([node.render_annotated(context) for node in self]))
                               ^^^^^^^^^^^^^^^^^^^^^^^^^^^^^^
  File "C:\Users\hp\OneDrive\Desktop\enoch-shopping\.venv\Lib\site-packages\django\template\base.py", line 969, in render_annotated
    return self.render(context)
           ^^^^^^^^^^^^^^^^^^^^
  File "C:\Users\hp\OneDrive\Desktop\enoch-shopping\.venv\Lib\site-packages\django\template\loader_tags.py", line 65, in render
    result = block.nodelist.render(context)
             ^^^^^^^^^^^^^^^^^^^^^^^^^^^^^^
  File "C:\Users\hp\OneDrive\Desktop\enoch-shopping\.venv\Lib\site-packages\django\template\base.py", line 1008, in render
    return SafeString("".join([node.render_annotated(context) for node in self]))
                               ^^^^^^^^^^^^^^^^^^^^^^^^^^^^^^
  File "C:\Users\hp\OneDrive\Desktop\enoch-shopping\.venv\Lib\site-packages\django\template\base.py", line 969, in render_annotated
    return self.render(context)
           ^^^^^^^^^^^^^^^^^^^^
  File "C:\Users\hp\OneDrive\Desktop\enoch-shopping\.venv\Lib\site-packages\django\template\defaulttags.py", line 243, in render
    nodelist.append(node.render_annotated(context))
                    ^^^^^^^^^^^^^^^^^^^^^^^^^^^^^^
  File "C:\Users\hp\OneDrive\Desktop\enoch-shopping\.venv\Lib\site-packages\django\template\base.py", line 969, in render_annotated
    return self.render(context)
           ^^^^^^^^^^^^^^^^^^^^
  File "C:\Users\hp\OneDrive\Desktop\enoch-shopping\.venv\Lib\site-packages\django\template\defaulttags.py", line 480, in render
    url = reverse(view_name, args=args, kwargs=kwargs, current_app=current_app)
          ^^^^^^^^^^^^^^^^^^^^^^^^^^^^^^^^^^^^^^^^^^^^^^^^^^^^^^^^^^^^^^^^^^^^^
  File "C:\Users\hp\OneDrive\Desktop\enoch-shopping\.venv\Lib\site-packages\django\urls\base.py", line 88, in reverse
    return resolver._reverse_with_prefix(view, prefix, *args, **kwargs)
           ^^^^^^^^^^^^^^^^^^^^^^^^^^^^^^^^^^^^^^^^^^^^^^^^^^^^^^^^^^^^
  File "C:\Users\hp\OneDrive\Desktop\enoch-shopping\.venv\Lib\site-packages\django\urls\resolvers.py", line 831, in _reverse_with_prefix
    raise NoReverseMatch(msg)
django.urls.exceptions.NoReverseMatch: Reverse for 'product_detail' not found. 'product_detail' is not a valid view function or pattern name.
"GET /cart/ HTTP/1.1" 500 174470
"GET /static/css/styles.css HTTP/1.1" 404 1969
"GET /static/images/profile.jpg HTTP/1.1" 404 1981
Internal Server Error: /product/3/
Traceback (most recent call last):
  File "C:\Users\hp\OneDrive\Desktop\enoch-shopping\.venv\Lib\site-packages\django\core\handlers\exception.py", line 55, in inner
    response = get_response(request)
               ^^^^^^^^^^^^^^^^^^^^^
  File "C:\Users\hp\OneDrive\Desktop\enoch-shopping\.venv\Lib\site-packages\django\core\handlers\base.py", line 197, in _get_response
    response = wrapped_callback(request, *callback_args, **callback_kwargs)
               ^^^^^^^^^^^^^^^^^^^^^^^^^^^^^^^^^^^^^^^^^^^^^^^^^^^^^^^^^^^^
  File "C:\Users\hp\OneDrive\Desktop\enoch-shopping\.venv\Lib\site-packages\django\views\generic\base.py", line 104, in view
    return self.dispatch(request, *args, **kwargs)
           ^^^^^^^^^^^^^^^^^^^^^^^^^^^^^^^^^^^^^^^
  File "C:\Users\hp\OneDrive\Desktop\enoch-shopping\.venv\Lib\site-packages\django\views\generic\base.py", line 143, in dispatch
    return handler(request, *args, **kwargs)
           ^^^^^^^^^^^^^^^^^^^^^^^^^^^^^^^^^
  File "C:\Users\hp\OneDrive\Desktop\enoch-shopping\.venv\Lib\site-packages\django\views\generic\detail.py", line 108, in get
    self.object = self.get_object()
                  ^^^^^^^^^^^^^^^^^
  File "C:\Users\hp\OneDrive\Desktop\enoch-shopping\.venv\Lib\site-packages\django\views\generic\detail.py", line 46, in get_object
    raise AttributeError(
AttributeError: Generic detail view ProductDetailView must be called with either an object pk or a slug in the URLconf.
"GET /product/3/ HTTP/1.1" 500 79521
Internal Server Error: /product/3/
Traceback (most recent call last):
  File "C:\Users\hp\OneDrive\Desktop\enoch-shopping\.venv\Lib\site-packages\django\core\handlers\exception.py", line 55, in inner
    response = get_response(request)
               ^^^^^^^^^^^^^^^^^^^^^
  File "C:\Users\hp\OneDrive\Desktop\enoch-shopping\.venv\Lib\site-packages\django\core\handlers\base.py", line 197, in _get_response
    response = wrapped_callback(request, *callback_args, **callback_kwargs)
               ^^^^^^^^^^^^^^^^^^^^^^^^^^^^^^^^^^^^^^^^^^^^^^^^^^^^^^^^^^^^
  File "C:\Users\hp\OneDrive\Desktop\enoch-shopping\.venv\Lib\site-packages\django\views\generic\base.py", line 104, in view
    return self.dispatch(request, *args, **kwargs)
           ^^^^^^^^^^^^^^^^^^^^^^^^^^^^^^^^^^^^^^^
  File "C:\Users\hp\OneDrive\Desktop\enoch-shopping\.venv\Lib\site-packages\django\views\generic\base.py", line 143, in dispatch
    return handler(request, *args, **kwargs)
           ^^^^^^^^^^^^^^^^^^^^^^^^^^^^^^^^^
  File "C:\Users\hp\OneDrive\Desktop\enoch-shopping\.venv\Lib\site-packages\django\views\generic\detail.py", line 108, in get
    self.object = self.get_object()
                  ^^^^^^^^^^^^^^^^^
  File "C:\Users\hp\OneDrive\Desktop\enoch-shopping\.venv\Lib\site-packages\django\views\generic\detail.py", line 46, in get_object
    raise AttributeError(
AttributeError: Generic detail view ProductDetailView must be called with either an object pk or a slug in the URLconf.
"GET /product/3/ HTTP/1.1" 500 79658
Internal Server Error: /product/3/
Traceback (most recent call last):
  File "C:\Users\hp\OneDrive\Desktop\enoch-shopping\.venv\Lib\site-packages\django\core\handlers\exception.py", line 55, in inner
    response = get_response(request)
               ^^^^^^^^^^^^^^^^^^^^^
  File "C:\Users\hp\OneDrive\Desktop\enoch-shopping\.venv\Lib\site-packages\django\core\handlers\base.py", line 197, in _get_response
    response = wrapped_callback(request, *callback_args, **callback_kwargs)
               ^^^^^^^^^^^^^^^^^^^^^^^^^^^^^^^^^^^^^^^^^^^^^^^^^^^^^^^^^^^^
  File "C:\Users\hp\OneDrive\Desktop\enoch-shopping\.venv\Lib\site-packages\django\views\generic\base.py", line 104, in view
    return self.dispatch(request, *args, **kwargs)
           ^^^^^^^^^^^^^^^^^^^^^^^^^^^^^^^^^^^^^^^
  File "C:\Users\hp\OneDrive\Desktop\enoch-shopping\.venv\Lib\site-packages\django\views\generic\base.py", line 143, in dispatch
    return handler(request, *args, **kwargs)
           ^^^^^^^^^^^^^^^^^^^^^^^^^^^^^^^^^
  File "C:\Users\hp\OneDrive\Desktop\enoch-shopping\.venv\Lib\site-packages\django\views\generic\detail.py", line 108, in get
    self.object = self.get_object()
                  ^^^^^^^^^^^^^^^^^
  File "C:\Users\hp\OneDrive\Desktop\enoch-shopping\.venv\Lib\site-packages\django\views\generic\detail.py", line 46, in get_object
    raise AttributeError(
AttributeError: Generic detail view ProductDetailView must be called with either an object pk or a slug in the URLconf.
"GET /product/3/ HTTP/1.1" 500 79658
Internal Server Error: /product/3/
Traceback (most recent call last):
  File "C:\Users\hp\OneDrive\Desktop\enoch-shopping\.venv\Lib\site-packages\django\core\handlers\exception.py", line 55, in inner
    response = get_response(request)
               ^^^^^^^^^^^^^^^^^^^^^
  File "C:\Users\hp\OneDrive\Desktop\enoch-shopping\.venv\Lib\site-packages\django\core\handlers\base.py", line 197, in _get_response
    response = wrapped_callback(request, *callback_args, **callback_kwargs)
               ^^^^^^^^^^^^^^^^^^^^^^^^^^^^^^^^^^^^^^^^^^^^^^^^^^^^^^^^^^^^
  File "C:\Users\hp\OneDrive\Desktop\enoch-shopping\.venv\Lib\site-packages\django\views\generic\base.py", line 104, in view
    return self.dispatch(request, *args, **kwargs)
           ^^^^^^^^^^^^^^^^^^^^^^^^^^^^^^^^^^^^^^^
  File "C:\Users\hp\OneDrive\Desktop\enoch-shopping\.venv\Lib\site-packages\django\views\generic\base.py", line 143, in dispatch
    return handler(request, *args, **kwargs)
           ^^^^^^^^^^^^^^^^^^^^^^^^^^^^^^^^^
  File "C:\Users\hp\OneDrive\Desktop\enoch-shopping\.venv\Lib\site-packages\django\views\generic\detail.py", line 108, in get
    self.object = self.get_object()
                  ^^^^^^^^^^^^^^^^^
  File "C:\Users\hp\OneDrive\Desktop\enoch-shopping\.venv\Lib\site-packages\django\views\generic\detail.py", line 46, in get_object
    raise AttributeError(
AttributeError: Generic detail view ProductDetailView must be called with either an object pk or a slug in the URLconf.
"GET /product/3/ HTTP/1.1" 500 79658
Internal Server Error: /product/3/
Traceback (most recent call last):
  File "C:\Users\hp\OneDrive\Desktop\enoch-shopping\.venv\Lib\site-packages\django\core\handlers\exception.py", line 55, in inner
    response = get_response(request)
               ^^^^^^^^^^^^^^^^^^^^^
  File "C:\Users\hp\OneDrive\Desktop\enoch-shopping\.venv\Lib\site-packages\django\core\handlers\base.py", line 197, in _get_response
    response = wrapped_callback(request, *callback_args, **callback_kwargs)
               ^^^^^^^^^^^^^^^^^^^^^^^^^^^^^^^^^^^^^^^^^^^^^^^^^^^^^^^^^^^^
  File "C:\Users\hp\OneDrive\Desktop\enoch-shopping\.venv\Lib\site-packages\django\views\generic\base.py", line 104, in view
    return self.dispatch(request, *args, **kwargs)
           ^^^^^^^^^^^^^^^^^^^^^^^^^^^^^^^^^^^^^^^
  File "C:\Users\hp\OneDrive\Desktop\enoch-shopping\.venv\Lib\site-packages\django\views\generic\base.py", line 143, in dispatch
    return handler(request, *args, **kwargs)
           ^^^^^^^^^^^^^^^^^^^^^^^^^^^^^^^^^
  File "C:\Users\hp\OneDrive\Desktop\enoch-shopping\.venv\Lib\site-packages\django\views\generic\detail.py", line 108, in get
    self.object = self.get_object()
                  ^^^^^^^^^^^^^^^^^
  File "C:\Users\hp\OneDrive\Desktop\enoch-shopping\.venv\Lib\site-packages\django\views\generic\detail.py", line 46, in get_object
    raise AttributeError(
AttributeError: Generic detail view ProductDetailView must be called with either an object pk or a slug in the URLconf.
"GET /product/3/ HTTP/1.1" 500 79658
Internal Server Error: /product/3/
Traceback (most recent call last):
  File "C:\Users\hp\OneDrive\Desktop\enoch-shopping\.venv\Lib\site-packages\django\core\handlers\exception.py", line 55, in inner
    response = get_response(request)
               ^^^^^^^^^^^^^^^^^^^^^
  File "C:\Users\hp\OneDrive\Desktop\enoch-shopping\.venv\Lib\site-packages\django\core\handlers\base.py", line 197, in _get_response
    response = wrapped_callback(request, *callback_args, **callback_kwargs)
               ^^^^^^^^^^^^^^^^^^^^^^^^^^^^^^^^^^^^^^^^^^^^^^^^^^^^^^^^^^^^
  File "C:\Users\hp\OneDrive\Desktop\enoch-shopping\.venv\Lib\site-packages\django\views\generic\base.py", line 104, in view
    return self.dispatch(request, *args, **kwargs)
           ^^^^^^^^^^^^^^^^^^^^^^^^^^^^^^^^^^^^^^^
  File "C:\Users\hp\OneDrive\Desktop\enoch-shopping\.venv\Lib\site-packages\django\views\generic\base.py", line 143, in dispatch
    return handler(request, *args, **kwargs)
           ^^^^^^^^^^^^^^^^^^^^^^^^^^^^^^^^^
  File "C:\Users\hp\OneDrive\Desktop\enoch-shopping\.venv\Lib\site-packages\django\views\generic\detail.py", line 108, in get
    self.object = self.get_object()
                  ^^^^^^^^^^^^^^^^^
  File "C:\Users\hp\OneDrive\Desktop\enoch-shopping\.venv\Lib\site-packages\django\views\generic\detail.py", line 46, in get_object
    raise AttributeError(
AttributeError: Generic detail view ProductDetailView must be called with either an object pk or a slug in the URLconf.
"GET /product/3/ HTTP/1.1" 500 79658
Internal Server Error: /product/3/
Traceback (most recent call last):
  File "C:\Users\hp\OneDrive\Desktop\enoch-shopping\.venv\Lib\site-packages\django\core\handlers\exception.py", line 55, in inner
    response = get_response(request)
               ^^^^^^^^^^^^^^^^^^^^^
  File "C:\Users\hp\OneDrive\Desktop\enoch-shopping\.venv\Lib\site-packages\django\core\handlers\base.py", line 197, in _get_response
    response = wrapped_callback(request, *callback_args, **callback_kwargs)
               ^^^^^^^^^^^^^^^^^^^^^^^^^^^^^^^^^^^^^^^^^^^^^^^^^^^^^^^^^^^^
  File "C:\Users\hp\OneDrive\Desktop\enoch-shopping\.venv\Lib\site-packages\django\views\generic\base.py", line 104, in view
    return self.dispatch(request, *args, **kwargs)
           ^^^^^^^^^^^^^^^^^^^^^^^^^^^^^^^^^^^^^^^
  File "C:\Users\hp\OneDrive\Desktop\enoch-shopping\.venv\Lib\site-packages\django\views\generic\base.py", line 143, in dispatch
    return handler(request, *args, **kwargs)
           ^^^^^^^^^^^^^^^^^^^^^^^^^^^^^^^^^
  File "C:\Users\hp\OneDrive\Desktop\enoch-shopping\.venv\Lib\site-packages\django\views\generic\detail.py", line 108, in get
    self.object = self.get_object()
                  ^^^^^^^^^^^^^^^^^
  File "C:\Users\hp\OneDrive\Desktop\enoch-shopping\.venv\Lib\site-packages\django\views\generic\detail.py", line 46, in get_object
    raise AttributeError(
AttributeError: Generic detail view ProductDetailView must be called with either an object pk or a slug in the URLconf.
"GET /product/3/ HTTP/1.1" 500 79658
Internal Server Error: /product/3/
Traceback (most recent call last):
  File "C:\Users\hp\OneDrive\Desktop\enoch-shopping\.venv\Lib\site-packages\django\core\handlers\exception.py", line 55, in inner
    response = get_response(request)
               ^^^^^^^^^^^^^^^^^^^^^
  File "C:\Users\hp\OneDrive\Desktop\enoch-shopping\.venv\Lib\site-packages\django\core\handlers\base.py", line 197, in _get_response
    response = wrapped_callback(request, *callback_args, **callback_kwargs)
               ^^^^^^^^^^^^^^^^^^^^^^^^^^^^^^^^^^^^^^^^^^^^^^^^^^^^^^^^^^^^
  File "C:\Users\hp\OneDrive\Desktop\enoch-shopping\.venv\Lib\site-packages\django\views\generic\base.py", line 104, in view
    return self.dispatch(request, *args, **kwargs)
           ^^^^^^^^^^^^^^^^^^^^^^^^^^^^^^^^^^^^^^^
  File "C:\Users\hp\OneDrive\Desktop\enoch-shopping\.venv\Lib\site-packages\django\views\generic\base.py", line 143, in dispatch
    return handler(request, *args, **kwargs)
           ^^^^^^^^^^^^^^^^^^^^^^^^^^^^^^^^^
  File "C:\Users\hp\OneDrive\Desktop\enoch-shopping\.venv\Lib\site-packages\django\views\generic\detail.py", line 108, in get
    self.object = self.get_object()
                  ^^^^^^^^^^^^^^^^^
  File "C:\Users\hp\OneDrive\Desktop\enoch-shopping\.venv\Lib\site-packages\django\views\generic\detail.py", line 46, in get_object
    raise AttributeError(
AttributeError: Generic detail view ProductDetailView must be called with either an object pk or a slug in the URLconf.
"GET /product/3/ HTTP/1.1" 500 79658
Internal Server Error: /product/3/
Traceback (most recent call last):
  File "C:\Users\hp\OneDrive\Desktop\enoch-shopping\.venv\Lib\site-packages\django\core\handlers\exception.py", line 55, in inner
    response = get_response(request)
               ^^^^^^^^^^^^^^^^^^^^^
  File "C:\Users\hp\OneDrive\Desktop\enoch-shopping\.venv\Lib\site-packages\django\core\handlers\base.py", line 197, in _get_response
    response = wrapped_callback(request, *callback_args, **callback_kwargs)
               ^^^^^^^^^^^^^^^^^^^^^^^^^^^^^^^^^^^^^^^^^^^^^^^^^^^^^^^^^^^^
  File "C:\Users\hp\OneDrive\Desktop\enoch-shopping\.venv\Lib\site-packages\django\views\generic\base.py", line 104, in view
    return self.dispatch(request, *args, **kwargs)
           ^^^^^^^^^^^^^^^^^^^^^^^^^^^^^^^^^^^^^^^
  File "C:\Users\hp\OneDrive\Desktop\enoch-shopping\.venv\Lib\site-packages\django\views\generic\base.py", line 143, in dispatch
    return handler(request, *args, **kwargs)
           ^^^^^^^^^^^^^^^^^^^^^^^^^^^^^^^^^
  File "C:\Users\hp\OneDrive\Desktop\enoch-shopping\.venv\Lib\site-packages\django\views\generic\detail.py", line 108, in get
    self.object = self.get_object()
                  ^^^^^^^^^^^^^^^^^
  File "C:\Users\hp\OneDrive\Desktop\enoch-shopping\.venv\Lib\site-packages\django\views\generic\detail.py", line 46, in get_object
    raise AttributeError(
AttributeError: Generic detail view ProductDetailView must be called with either an object pk or a slug in the URLconf.
"GET /product/3/ HTTP/1.1" 500 79658
Internal Server Error: /product/3/
Traceback (most recent call last):
  File "C:\Users\hp\OneDrive\Desktop\enoch-shopping\.venv\Lib\site-packages\django\core\handlers\exception.py", line 55, in inner
    response = get_response(request)
               ^^^^^^^^^^^^^^^^^^^^^
  File "C:\Users\hp\OneDrive\Desktop\enoch-shopping\.venv\Lib\site-packages\django\core\handlers\base.py", line 197, in _get_response
    response = wrapped_callback(request, *callback_args, **callback_kwargs)
               ^^^^^^^^^^^^^^^^^^^^^^^^^^^^^^^^^^^^^^^^^^^^^^^^^^^^^^^^^^^^
  File "C:\Users\hp\OneDrive\Desktop\enoch-shopping\.venv\Lib\site-packages\django\views\generic\base.py", line 104, in view
    return self.dispatch(request, *args, **kwargs)
           ^^^^^^^^^^^^^^^^^^^^^^^^^^^^^^^^^^^^^^^
  File "C:\Users\hp\OneDrive\Desktop\enoch-shopping\.venv\Lib\site-packages\django\views\generic\base.py", line 143, in dispatch
    return handler(request, *args, **kwargs)
           ^^^^^^^^^^^^^^^^^^^^^^^^^^^^^^^^^
  File "C:\Users\hp\OneDrive\Desktop\enoch-shopping\.venv\Lib\site-packages\django\views\generic\detail.py", line 108, in get
    self.object = self.get_object()
                  ^^^^^^^^^^^^^^^^^
  File "C:\Users\hp\OneDrive\Desktop\enoch-shopping\.venv\Lib\site-packages\django\views\generic\detail.py", line 46, in get_object
    raise AttributeError(
AttributeError: Generic detail view ProductDetailView must be called with either an object pk or a slug in the URLconf.
"GET /product/3/ HTTP/1.1" 500 79658
Internal Server Error: /product/3/
Traceback (most recent call last):
  File "C:\Users\hp\OneDrive\Desktop\enoch-shopping\.venv\Lib\site-packages\django\core\handlers\exception.py", line 55, in inner
    response = get_response(request)
               ^^^^^^^^^^^^^^^^^^^^^
  File "C:\Users\hp\OneDrive\Desktop\enoch-shopping\.venv\Lib\site-packages\django\core\handlers\base.py", line 197, in _get_response
    response = wrapped_callback(request, *callback_args, **callback_kwargs)
               ^^^^^^^^^^^^^^^^^^^^^^^^^^^^^^^^^^^^^^^^^^^^^^^^^^^^^^^^^^^^
  File "C:\Users\hp\OneDrive\Desktop\enoch-shopping\.venv\Lib\site-packages\django\views\generic\base.py", line 104, in view
    return self.dispatch(request, *args, **kwargs)
           ^^^^^^^^^^^^^^^^^^^^^^^^^^^^^^^^^^^^^^^
  File "C:\Users\hp\OneDrive\Desktop\enoch-shopping\.venv\Lib\site-packages\django\views\generic\base.py", line 143, in dispatch
    return handler(request, *args, **kwargs)
           ^^^^^^^^^^^^^^^^^^^^^^^^^^^^^^^^^
  File "C:\Users\hp\OneDrive\Desktop\enoch-shopping\.venv\Lib\site-packages\django\views\generic\detail.py", line 108, in get
    self.object = self.get_object()
                  ^^^^^^^^^^^^^^^^^
  File "C:\Users\hp\OneDrive\Desktop\enoch-shopping\.venv\Lib\site-packages\django\views\generic\detail.py", line 46, in get_object
    raise AttributeError(
AttributeError: Generic detail view ProductDetailView must be called with either an object pk or a slug in the URLconf.
"GET /product/3/ HTTP/1.1" 500 79658
"GET /static/images/profile.jpg HTTP/1.1" 404 1981
"GET /static/css/styles.css HTTP/1.1" 404 1969
"GET /static/images/profile.jpg HTTP/1.1" 404 1981
"GET /static/css/styles.css HTTP/1.1" 404 1969
"GET /static/images/profile.jpg HTTP/1.1" 404 1981
"GET /static/css/styles.css HTTP/1.1" 404 1969
"GET /static/css/styles.css HTTP/1.1" 404 1969
"GET /static/images/profile.jpg HTTP/1.1" 404 1981
"GET /static/images/profile.jpg HTTP/1.1" 404 1981
"GET /static/css/styles.css HTTP/1.1" 404 1969
"GET /static/css/styles.css HTTP/1.1" 404 1969
"GET /static/images/profile.jpg HTTP/1.1" 404 1981
"GET /static/images/profile.jpg HTTP/1.1" 404 1981
"GET /static/css/styles.css HTTP/1.1" 404 1969
"GET /static/css/styles.css HTTP/1.1" 404 1969
"GET /static/images/profile.jpg HTTP/1.1" 404 1981
"GET /static/css/styles.css HTTP/1.1" 404 1969
"GET /static/images/profile.jpg HTTP/1.1" 404 1981
"GET /static/images/profile.jpg HTTP/1.1" 404 1981
"GET /static/css/styles.css HTTP/1.1" 404 1969
"GET /static/css/styles.css HTTP/1.1" 404 1969
"GET /static/images/profile.jpg HTTP/1.1" 404 1981
"GET /static/images/profile.jpg HTTP/1.1" 404 1981
"GET /static/css/styles.css HTTP/1.1" 404 1969
"GET /static/css/styles.css HTTP/1.1" 404 1969
"GET /static/images/profile.jpg HTTP/1.1" 404 1981
"GET /static/css/styles.css HTTP/1.1" 404 1969
"GET /static/images/profile.jpg HTTP/1.1" 404 1981
"GET /static/images/profile.jpg HTTP/1.1" 404 1981
"GET /static/css/styles.css HTTP/1.1" 404 1969
"GET /static/css/styles.css HTTP/1.1" 404 1969
"GET /static/images/profile.jpg HTTP/1.1" 404 1981
"GET /static/css/styles.css HTTP/1.1" 404 1969
"GET /static/images/profile.jpg HTTP/1.1" 404 1981
"GET /static/css/styles.css HTTP/1.1" 404 1969
"GET /static/images/profile.jpg HTTP/1.1" 404 1981
"GET /static/css/styles.css HTTP/1.1" 404 1969
"GET /static/images/profile.jpg HTTP/1.1" 404 1981
"GET /static/css/styles.css HTTP/1.1" 404 1969
"GET /static/images/profile.jpg HTTP/1.1" 404 1981
"GET /static/images/profile.jpg HTTP/1.1" 404 1981
"GET /static/css/styles.css HTTP/1.1" 404 1969
Internal Server Error: /product/6/
Traceback (most recent call last):
  File "C:\Users\hp\OneDrive\Desktop\enoch-shopping\.venv\Lib\site-packages\django\core\handlers\exception.py", line 55, in inner
    response = get_response(request)
               ^^^^^^^^^^^^^^^^^^^^^
  File "C:\Users\hp\OneDrive\Desktop\enoch-shopping\.venv\Lib\site-packages\django\core\handlers\base.py", line 197, in _get_response
    response = wrapped_callback(request, *callback_args, **callback_kwargs)
               ^^^^^^^^^^^^^^^^^^^^^^^^^^^^^^^^^^^^^^^^^^^^^^^^^^^^^^^^^^^^
  File "C:\Users\hp\OneDrive\Desktop\enoch-shopping\.venv\Lib\site-packages\django\views\generic\base.py", line 104, in view
    return self.dispatch(request, *args, **kwargs)
           ^^^^^^^^^^^^^^^^^^^^^^^^^^^^^^^^^^^^^^^
  File "C:\Users\hp\OneDrive\Desktop\enoch-shopping\.venv\Lib\site-packages\django\views\generic\base.py", line 143, in dispatch
    return handler(request, *args, **kwargs)
           ^^^^^^^^^^^^^^^^^^^^^^^^^^^^^^^^^
  File "C:\Users\hp\OneDrive\Desktop\enoch-shopping\.venv\Lib\site-packages\django\views\generic\detail.py", line 108, in get
    self.object = self.get_object()
                  ^^^^^^^^^^^^^^^^^
  File "C:\Users\hp\OneDrive\Desktop\enoch-shopping\.venv\Lib\site-packages\django\views\generic\detail.py", line 46, in get_object
    raise AttributeError(
AttributeError: Generic detail view ProductDetailView must be called with either an object pk or a slug in the URLconf.
"GET /product/6/ HTTP/1.1" 500 79194
Internal Server Error: /product/3/
Traceback (most recent call last):
  File "C:\Users\hp\OneDrive\Desktop\enoch-shopping\.venv\Lib\site-packages\django\core\handlers\exception.py", line 55, in inner
    response = get_response(request)
               ^^^^^^^^^^^^^^^^^^^^^
  File "C:\Users\hp\OneDrive\Desktop\enoch-shopping\.venv\Lib\site-packages\django\core\handlers\base.py", line 197, in _get_response
    response = wrapped_callback(request, *callback_args, **callback_kwargs)
               ^^^^^^^^^^^^^^^^^^^^^^^^^^^^^^^^^^^^^^^^^^^^^^^^^^^^^^^^^^^^
  File "C:\Users\hp\OneDrive\Desktop\enoch-shopping\.venv\Lib\site-packages\django\views\generic\base.py", line 104, in view
    return self.dispatch(request, *args, **kwargs)
           ^^^^^^^^^^^^^^^^^^^^^^^^^^^^^^^^^^^^^^^
  File "C:\Users\hp\OneDrive\Desktop\enoch-shopping\.venv\Lib\site-packages\django\views\generic\base.py", line 143, in dispatch
    return handler(request, *args, **kwargs)
           ^^^^^^^^^^^^^^^^^^^^^^^^^^^^^^^^^
  File "C:\Users\hp\OneDrive\Desktop\enoch-shopping\.venv\Lib\site-packages\django\views\generic\detail.py", line 108, in get
    self.object = self.get_object()
                  ^^^^^^^^^^^^^^^^^
  File "C:\Users\hp\OneDrive\Desktop\enoch-shopping\.venv\Lib\site-packages\django\views\generic\detail.py", line 46, in get_object
    raise AttributeError(
AttributeError: Generic detail view ProductDetailView must be called with either an object pk or a slug in the URLconf.
"GET /product/3/ HTTP/1.1" 500 79038
"GET /static/images/profile.jpg HTTP/1.1" 404 1981
"GET /static/css/styles.css HTTP/1.1" 404 1969
"GET /static/css/styles.css HTTP/1.1" 404 1969
"GET /static/images/profile.jpg HTTP/1.1" 404 1981
"GET /static/css/styles.css HTTP/1.1" 404 1969
"GET /static/images/profile.jpg HTTP/1.1" 404 1981
"GET /static/images/profile.jpg HTTP/1.1" 404 1981
"GET /static/css/styles.css HTTP/1.1" 404 1969
"GET /static/css/styles.css HTTP/1.1" 404 1969
"GET /static/images/profile.jpg HTTP/1.1" 404 1981
"GET /static/css/styles.css HTTP/1.1" 404 1969
"GET /static/images/profile.jpg HTTP/1.1" 404 1981
"GET /static/css/styles.css HTTP/1.1" 404 1969
"GET /static/images/profile.jpg HTTP/1.1" 404 1981
"GET /static/css/styles.css HTTP/1.1" 404 1969
"GET /static/images/profile.jpg HTTP/1.1" 404 1981
"GET /static/css/styles.css HTTP/1.1" 404 1969
"GET /static/images/profile.jpg HTTP/1.1" 404 1981
"GET /static/images/profile.jpg HTTP/1.1" 404 1981
"GET /static/css/styles.css HTTP/1.1" 404 1969
"GET /static/css/styles.css HTTP/1.1" 404 1969
"GET /static/images/profile.jpg HTTP/1.1" 404 1981
"GET /static/images/profile.jpg HTTP/1.1" 404 1981
"GET /static/css/styles.css HTTP/1.1" 404 1969
"GET /static/css/styles.css HTTP/1.1" 404 1969
"GET /static/images/profile.jpg HTTP/1.1" 404 1981
"GET /static/images/profile.jpg HTTP/1.1" 404 1981
"GET /static/css/styles.css HTTP/1.1" 404 1969
"GET /static/images/profile.jpg HTTP/1.1" 404 1981
"GET /static/css/styles.css HTTP/1.1" 404 1969
"GET /static/css/styles.css HTTP/1.1" 404 1969
"GET /static/images/profile.jpg HTTP/1.1" 404 1981
"GET /static/css/styles.css HTTP/1.1" 404 1969
"GET /static/images/profile.jpg HTTP/1.1" 404 1981
"GET /static/css/styles.css HTTP/1.1" 404 1969
"GET /static/images/profile.jpg HTTP/1.1" 404 1981
"GET /static/images/profile.jpg HTTP/1.1" 404 1981
"GET /static/css/styles.css HTTP/1.1" 404 1969
Internal Server Error: /cart/
Traceback (most recent call last):
  File "C:\Users\hp\OneDrive\Desktop\enoch-shopping\.venv\Lib\site-packages\django\core\handlers\exception.py", line 55, in inner
    response = get_response(request)
               ^^^^^^^^^^^^^^^^^^^^^
  File "C:\Users\hp\OneDrive\Desktop\enoch-shopping\.venv\Lib\site-packages\django\core\handlers\base.py", line 197, in _get_response
    response = wrapped_callback(request, *callback_args, **callback_kwargs)
               ^^^^^^^^^^^^^^^^^^^^^^^^^^^^^^^^^^^^^^^^^^^^^^^^^^^^^^^^^^^^
  File "C:\Users\hp\OneDrive\Desktop\enoch-shopping\shop\views.py", line 1747, in cart_view
    recommended_products = get_recommended_products(cart)
                           ^^^^^^^^^^^^^^^^^^^^^^^^^^^^^^
  File "C:\Users\hp\OneDrive\Desktop\enoch-shopping\shop\views.py", line 1717, in get_recommended_products
    .filter(available=True)  # Optionally filter for available products
     ^^^^^^^^^^^^^^^^^^^^^^
  File "C:\Users\hp\OneDrive\Desktop\enoch-shopping\.venv\Lib\site-packages\django\db\models\query.py", line 1476, in filter
    return self._filter_or_exclude(False, args, kwargs)
           ^^^^^^^^^^^^^^^^^^^^^^^^^^^^^^^^^^^^^^^^^^^^
  File "C:\Users\hp\OneDrive\Desktop\enoch-shopping\.venv\Lib\site-packages\django\db\models\query.py", line 1494, in _filter_or_exclude
    clone._filter_or_exclude_inplace(negate, args, kwargs)
  File "C:\Users\hp\OneDrive\Desktop\enoch-shopping\.venv\Lib\site-packages\django\db\models\query.py", line 1501, in _filter_or_exclude_inplace
    self._query.add_q(Q(*args, **kwargs))
  File "C:\Users\hp\OneDrive\Desktop\enoch-shopping\.venv\Lib\site-packages\django\db\models\sql\query.py", line 1609, in add_q
    clause, _ = self._add_q(q_object, self.used_aliases)
                ^^^^^^^^^^^^^^^^^^^^^^^^^^^^^^^^^^^^^^^^
  File "C:\Users\hp\OneDrive\Desktop\enoch-shopping\.venv\Lib\site-packages\django\db\models\sql\query.py", line 1641, in _add_q
    child_clause, needed_inner = self.build_filter(
                                 ^^^^^^^^^^^^^^^^^^
  File "C:\Users\hp\OneDrive\Desktop\enoch-shopping\.venv\Lib\site-packages\django\db\models\sql\query.py", line 1491, in build_filter
    lookups, parts, reffed_expression = self.solve_lookup_type(arg, summarize)
                                        ^^^^^^^^^^^^^^^^^^^^^^^^^^^^^^^^^^^^^^
  File "C:\Users\hp\OneDrive\Desktop\enoch-shopping\.venv\Lib\site-packages\django\db\models\sql\query.py", line 1303, in solve_lookup_type
    _, field, _, lookup_parts = self.names_to_path(lookup_splitted, self.get_meta())
                                ^^^^^^^^^^^^^^^^^^^^^^^^^^^^^^^^^^^^^^^^^^^^^^^^^^^^
  File "C:\Users\hp\OneDrive\Desktop\enoch-shopping\.venv\Lib\site-packages\django\db\models\sql\query.py", line 1768, in names_to_path
    raise FieldError(
django.core.exceptions.FieldError: Cannot resolve keyword 'available' into field. Choices are: cartitem, category, category_id, comments, created_at, description, id, image, images, is_recommended, name, orderitem, panoramic_image, price, purchases, rating, recommended_to, stock, updated_at, video_url, viewed_by, views, wishlist
"GET /cart/ HTTP/1.1" 500 112277
"GET /static/css/styles.css HTTP/1.1" 404 1969
"GET /static/images/profile.jpg HTTP/1.1" 404 1981
"GET /static/images/profile.jpg HTTP/1.1" 404 1981
"GET /static/css/styles.css HTTP/1.1" 404 1969
"GET /static/images/profile.jpg HTTP/1.1" 404 1981
"GET /static/css/styles.css HTTP/1.1" 404 1969
"GET /static/images/profile.jpg HTTP/1.1" 404 1981
"GET /static/css/styles.css HTTP/1.1" 404 1969
"GET /static/css/styles.css HTTP/1.1" 404 1969
"GET /static/images/profile.jpg HTTP/1.1" 404 1981
"GET /static/images/profile.jpg HTTP/1.1" 404 1981
"GET /static/css/styles.css HTTP/1.1" 404 1969
"GET /static/css/styles.css HTTP/1.1" 404 1969
"GET /static/images/profile.jpg HTTP/1.1" 404 1981
"GET /static/images/profile.jpg HTTP/1.1" 404 1981
"GET /static/css/styles.css HTTP/1.1" 404 1969
Internal Server Error: /recommended-products/
Traceback (most recent call last):
  File "C:\Users\hp\OneDrive\Desktop\enoch-shopping\.venv\Lib\site-packages\django\template\base.py", line 510, in parse
    compile_func = self.tags[command]
                   ~~~~~~~~~^^^^^^^^^
KeyError: 'endfor'

During handling of the above exception, another exception occurred:

Traceback (most recent call last):
  File "C:\Users\hp\OneDrive\Desktop\enoch-shopping\.venv\Lib\site-packages\django\core\handlers\exception.py", line 55, in inner
    response = get_response(request)
               ^^^^^^^^^^^^^^^^^^^^^
  File "C:\Users\hp\OneDrive\Desktop\enoch-shopping\.venv\Lib\site-packages\django\core\handlers\base.py", line 197, in _get_response
    response = wrapped_callback(request, *callback_args, **callback_kwargs)
               ^^^^^^^^^^^^^^^^^^^^^^^^^^^^^^^^^^^^^^^^^^^^^^^^^^^^^^^^^^^^
  File "C:\Users\hp\OneDrive\Desktop\enoch-shopping\.venv\Lib\site-packages\django\views\generic\base.py", line 104, in view
    return self.dispatch(request, *args, **kwargs)
           ^^^^^^^^^^^^^^^^^^^^^^^^^^^^^^^^^^^^^^^
  File "C:\Users\hp\OneDrive\Desktop\enoch-shopping\.venv\Lib\site-packages\django\views\generic\base.py", line 143, in dispatch
    return handler(request, *args, **kwargs)
           ^^^^^^^^^^^^^^^^^^^^^^^^^^^^^^^^^
  File "C:\Users\hp\OneDrive\Desktop\enoch-shopping\shop\views.py", line 2226, in get
    return render(request, self.template_name, context)
           ^^^^^^^^^^^^^^^^^^^^^^^^^^^^^^^^^^^^^^^^^^^^
  File "C:\Users\hp\OneDrive\Desktop\enoch-shopping\.venv\Lib\site-packages\django\shortcuts.py", line 25, in render
    content = loader.render_to_string(template_name, context, request, using=using)
              ^^^^^^^^^^^^^^^^^^^^^^^^^^^^^^^^^^^^^^^^^^^^^^^^^^^^^^^^^^^^^^^^^^^^^
  File "C:\Users\hp\OneDrive\Desktop\enoch-shopping\.venv\Lib\site-packages\django\template\loader.py", line 61, in render_to_string
    template = get_template(template_name, using=using)
               ^^^^^^^^^^^^^^^^^^^^^^^^^^^^^^^^^^^^^^^^
  File "C:\Users\hp\OneDrive\Desktop\enoch-shopping\.venv\Lib\site-packages\django\template\loader.py", line 15, in get_template
    return engine.get_template(template_name)
           ^^^^^^^^^^^^^^^^^^^^^^^^^^^^^^^^^^
  File "C:\Users\hp\OneDrive\Desktop\enoch-shopping\.venv\Lib\site-packages\django\template\backends\django.py", line 79, in get_template
    return Template(self.engine.get_template(template_name), self)
                    ^^^^^^^^^^^^^^^^^^^^^^^^^^^^^^^^^^^^^^^
  File "C:\Users\hp\OneDrive\Desktop\enoch-shopping\.venv\Lib\site-packages\django\template\engine.py", line 177, in get_template
    template, origin = self.find_template(template_name)
                       ^^^^^^^^^^^^^^^^^^^^^^^^^^^^^^^^^
  File "C:\Users\hp\OneDrive\Desktop\enoch-shopping\.venv\Lib\site-packages\django\template\engine.py", line 159, in find_template
    template = loader.get_template(name, skip=skip)
               ^^^^^^^^^^^^^^^^^^^^^^^^^^^^^^^^^^^^
  File "C:\Users\hp\OneDrive\Desktop\enoch-shopping\.venv\Lib\site-packages\django\template\loaders\cached.py", line 57, in get_template
    template = super().get_template(template_name, skip)
               ^^^^^^^^^^^^^^^^^^^^^^^^^^^^^^^^^^^^^^^^^
  File "C:\Users\hp\OneDrive\Desktop\enoch-shopping\.venv\Lib\site-packages\django\template\loaders\base.py", line 28, in get_template
    return Template(
           ^^^^^^^^^
  File "C:\Users\hp\OneDrive\Desktop\enoch-shopping\.venv\Lib\site-packages\django\template\base.py", line 154, in __init__
    self.nodelist = self.compile_nodelist()
                    ^^^^^^^^^^^^^^^^^^^^^^^
  File "C:\Users\hp\OneDrive\Desktop\enoch-shopping\.venv\Lib\site-packages\django\template\base.py", line 196, in compile_nodelist
    nodelist = parser.parse()
               ^^^^^^^^^^^^^^
  File "C:\Users\hp\OneDrive\Desktop\enoch-shopping\.venv\Lib\site-packages\django\template\base.py", line 518, in parse
    raise self.error(token, e)
  File "C:\Users\hp\OneDrive\Desktop\enoch-shopping\.venv\Lib\site-packages\django\template\base.py", line 516, in parse
    compiled_result = compile_func(self, token)
                      ^^^^^^^^^^^^^^^^^^^^^^^^^
  File "C:\Users\hp\OneDrive\Desktop\enoch-shopping\.venv\Lib\site-packages\django\template\loader_tags.py", line 295, in do_extends
    nodelist = parser.parse()
               ^^^^^^^^^^^^^^
  File "C:\Users\hp\OneDrive\Desktop\enoch-shopping\.venv\Lib\site-packages\django\template\base.py", line 518, in parse
    raise self.error(token, e)
  File "C:\Users\hp\OneDrive\Desktop\enoch-shopping\.venv\Lib\site-packages\django\template\base.py", line 516, in parse
    compiled_result = compile_func(self, token)
                      ^^^^^^^^^^^^^^^^^^^^^^^^^
  File "C:\Users\hp\OneDrive\Desktop\enoch-shopping\.venv\Lib\site-packages\django\template\loader_tags.py", line 234, in do_block
    nodelist = parser.parse(("endblock",))
               ^^^^^^^^^^^^^^^^^^^^^^^^^^^
  File "C:\Users\hp\OneDrive\Desktop\enoch-shopping\.venv\Lib\site-packages\django\template\base.py", line 512, in parse
    self.invalid_block_tag(token, command, parse_until)
  File "C:\Users\hp\OneDrive\Desktop\enoch-shopping\.venv\Lib\site-packages\django\template\base.py", line 563, in invalid_block_tag
    raise self.error(
django.template.exceptions.TemplateSyntaxError: Invalid block tag on line 94: 'endfor', expected 'endblock'. Did you forget to register or load this tag?
"GET /recommended-products/ HTTP/1.1" 500 184538
"GET /static/css/styles.css HTTP/1.1" 404 1969
"GET /static/images/profile.jpg HTTP/1.1" 404 1981
"GET /static/images/profile.jpg HTTP/1.1" 404 1981
"GET /static/css/styles.css HTTP/1.1" 404 1969
"GET /static/css/styles.css HTTP/1.1" 404 1969
"GET /static/images/profile.jpg HTTP/1.1" 404 1981
"GET /static/css/styles.css HTTP/1.1" 404 1969
"GET /static/images/profile.jpg HTTP/1.1" 404 1981
"GET /static/css/styles.css HTTP/1.1" 404 1969
"GET /static/images/profile.jpg HTTP/1.1" 404 1981
Internal Server Error: /recommended-products/
Traceback (most recent call last):
  File "C:\Users\hp\OneDrive\Desktop\enoch-shopping\.venv\Lib\site-packages\django\template\base.py", line 510, in parse
    compile_func = self.tags[command]
                   ~~~~~~~~~^^^^^^^^^
KeyError: 'endfor'

During handling of the above exception, another exception occurred:

Traceback (most recent call last):
  File "C:\Users\hp\OneDrive\Desktop\enoch-shopping\.venv\Lib\site-packages\django\core\handlers\exception.py", line 55, in inner
    response = get_response(request)
               ^^^^^^^^^^^^^^^^^^^^^
  File "C:\Users\hp\OneDrive\Desktop\enoch-shopping\.venv\Lib\site-packages\django\core\handlers\base.py", line 197, in _get_response
    response = wrapped_callback(request, *callback_args, **callback_kwargs)
               ^^^^^^^^^^^^^^^^^^^^^^^^^^^^^^^^^^^^^^^^^^^^^^^^^^^^^^^^^^^^
  File "C:\Users\hp\OneDrive\Desktop\enoch-shopping\.venv\Lib\site-packages\django\views\generic\base.py", line 104, in view
    return self.dispatch(request, *args, **kwargs)
           ^^^^^^^^^^^^^^^^^^^^^^^^^^^^^^^^^^^^^^^
  File "C:\Users\hp\OneDrive\Desktop\enoch-shopping\.venv\Lib\site-packages\django\views\generic\base.py", line 143, in dispatch
    return handler(request, *args, **kwargs)
           ^^^^^^^^^^^^^^^^^^^^^^^^^^^^^^^^^
  File "C:\Users\hp\OneDrive\Desktop\enoch-shopping\shop\views.py", line 2226, in get
    return render(request, self.template_name, context)
           ^^^^^^^^^^^^^^^^^^^^^^^^^^^^^^^^^^^^^^^^^^^^
  File "C:\Users\hp\OneDrive\Desktop\enoch-shopping\.venv\Lib\site-packages\django\shortcuts.py", line 25, in render
    content = loader.render_to_string(template_name, context, request, using=using)
              ^^^^^^^^^^^^^^^^^^^^^^^^^^^^^^^^^^^^^^^^^^^^^^^^^^^^^^^^^^^^^^^^^^^^^
  File "C:\Users\hp\OneDrive\Desktop\enoch-shopping\.venv\Lib\site-packages\django\template\loader.py", line 61, in render_to_string
    template = get_template(template_name, using=using)
               ^^^^^^^^^^^^^^^^^^^^^^^^^^^^^^^^^^^^^^^^
  File "C:\Users\hp\OneDrive\Desktop\enoch-shopping\.venv\Lib\site-packages\django\template\loader.py", line 15, in get_template
    return engine.get_template(template_name)
           ^^^^^^^^^^^^^^^^^^^^^^^^^^^^^^^^^^
  File "C:\Users\hp\OneDrive\Desktop\enoch-shopping\.venv\Lib\site-packages\django\template\backends\django.py", line 79, in get_template
    return Template(self.engine.get_template(template_name), self)
                    ^^^^^^^^^^^^^^^^^^^^^^^^^^^^^^^^^^^^^^^
  File "C:\Users\hp\OneDrive\Desktop\enoch-shopping\.venv\Lib\site-packages\django\template\engine.py", line 177, in get_template
    template, origin = self.find_template(template_name)
                       ^^^^^^^^^^^^^^^^^^^^^^^^^^^^^^^^^
  File "C:\Users\hp\OneDrive\Desktop\enoch-shopping\.venv\Lib\site-packages\django\template\engine.py", line 159, in find_template
    template = loader.get_template(name, skip=skip)
               ^^^^^^^^^^^^^^^^^^^^^^^^^^^^^^^^^^^^
  File "C:\Users\hp\OneDrive\Desktop\enoch-shopping\.venv\Lib\site-packages\django\template\loaders\cached.py", line 57, in get_template
    template = super().get_template(template_name, skip)
               ^^^^^^^^^^^^^^^^^^^^^^^^^^^^^^^^^^^^^^^^^
  File "C:\Users\hp\OneDrive\Desktop\enoch-shopping\.venv\Lib\site-packages\django\template\loaders\base.py", line 28, in get_template
    return Template(
           ^^^^^^^^^
  File "C:\Users\hp\OneDrive\Desktop\enoch-shopping\.venv\Lib\site-packages\django\template\base.py", line 154, in __init__
    self.nodelist = self.compile_nodelist()
                    ^^^^^^^^^^^^^^^^^^^^^^^
  File "C:\Users\hp\OneDrive\Desktop\enoch-shopping\.venv\Lib\site-packages\django\template\base.py", line 196, in compile_nodelist
    nodelist = parser.parse()
               ^^^^^^^^^^^^^^
  File "C:\Users\hp\OneDrive\Desktop\enoch-shopping\.venv\Lib\site-packages\django\template\base.py", line 518, in parse
    raise self.error(token, e)
  File "C:\Users\hp\OneDrive\Desktop\enoch-shopping\.venv\Lib\site-packages\django\template\base.py", line 516, in parse
    compiled_result = compile_func(self, token)
                      ^^^^^^^^^^^^^^^^^^^^^^^^^
  File "C:\Users\hp\OneDrive\Desktop\enoch-shopping\.venv\Lib\site-packages\django\template\loader_tags.py", line 295, in do_extends
    nodelist = parser.parse()
               ^^^^^^^^^^^^^^
  File "C:\Users\hp\OneDrive\Desktop\enoch-shopping\.venv\Lib\site-packages\django\template\base.py", line 518, in parse
    raise self.error(token, e)
  File "C:\Users\hp\OneDrive\Desktop\enoch-shopping\.venv\Lib\site-packages\django\template\base.py", line 516, in parse
    compiled_result = compile_func(self, token)
                      ^^^^^^^^^^^^^^^^^^^^^^^^^
  File "C:\Users\hp\OneDrive\Desktop\enoch-shopping\.venv\Lib\site-packages\django\template\loader_tags.py", line 234, in do_block
    nodelist = parser.parse(("endblock",))
               ^^^^^^^^^^^^^^^^^^^^^^^^^^^
  File "C:\Users\hp\OneDrive\Desktop\enoch-shopping\.venv\Lib\site-packages\django\template\base.py", line 512, in parse
    self.invalid_block_tag(token, command, parse_until)
  File "C:\Users\hp\OneDrive\Desktop\enoch-shopping\.venv\Lib\site-packages\django\template\base.py", line 563, in invalid_block_tag
    raise self.error(
django.template.exceptions.TemplateSyntaxError: Invalid block tag on line 94: 'endfor', expected 'endblock'. Did you forget to register or load this tag?
"GET /recommended-products/ HTTP/1.1" 500 185049
"GET /static/images/profile.jpg HTTP/1.1" 404 1981
"GET /static/css/styles.css HTTP/1.1" 404 1969
"GET /static/images/profile.jpg HTTP/1.1" 404 1981
"GET /static/css/styles.css HTTP/1.1" 404 1969
"GET /static/css/styles.css HTTP/1.1" 404 1969
"GET /static/images/profile.jpg HTTP/1.1" 404 1981
"GET /static/css/styles.css HTTP/1.1" 404 1969
"GET /static/images/profile.jpg HTTP/1.1" 404 1981
"GET /static/images/profile.jpg HTTP/1.1" 404 1981
"GET /static/css/styles.css HTTP/1.1" 404 1969
"GET /static/css/style.css HTTP/1.1" 404 1966
"GET /static/images/default-profile.png HTTP/1.1" 404 2005
"GET /static/images/loading-spinner.gif HTTP/1.1" 404 2005
"GET /static/images/default_profile.png HTTP/1.1" 404 2005
Not Found: /media/Screenshot 2024-10-15 130922.png
"GET /media/Screenshot%202024-10-15%20130922.png HTTP/1.1" 404 19809
"GET /static/css/style.css HTTP/1.1" 404 1966
"GET /static/images/default-profile.png HTTP/1.1" 404 2005
"GET /static/images/loading-spinner.gif HTTP/1.1" 404 2005
"GET /static/images/profile.jpg HTTP/1.1" 404 1981
"GET /static/css/styles.css HTTP/1.1" 404 1969
"GET /static/images/profile.jpg HTTP/1.1" 404 1981
"GET /static/css/styles.css HTTP/1.1" 404 1969
"GET /static/css/styles.css HTTP/1.1" 404 1969
"GET /static/images/profile.jpg HTTP/1.1" 404 1981
"GET /static/css/styles.css HTTP/1.1" 404 1969
"GET /static/images/profile.jpg HTTP/1.1" 404 1981
"GET /static/css/styles.css HTTP/1.1" 404 1969
"GET /static/images/profile.jpg HTTP/1.1" 404 1981
"GET /static/images/profile.jpg HTTP/1.1" 404 1981
"GET /static/css/styles.css HTTP/1.1" 404 1969
"GET /static/images/profile.jpg HTTP/1.1" 404 1981
"GET /static/css/styles.css HTTP/1.1" 404 1969
"GET /static/images/profile.jpg HTTP/1.1" 404 1981
"GET /static/css/styles.css HTTP/1.1" 404 1969
"GET /static/css/styles.css HTTP/1.1" 404 1969
"GET /static/images/profile.jpg HTTP/1.1" 404 1981
"GET /static/images/profile.jpg HTTP/1.1" 404 1981
"GET /static/css/styles.css HTTP/1.1" 404 1969
"GET /static/css/styles.css HTTP/1.1" 404 1969
"GET /static/images/profile.jpg HTTP/1.1" 404 1981
"GET /static/css/styles.css HTTP/1.1" 404 1969
"GET /static/images/profile.jpg HTTP/1.1" 404 1981
"GET /static/css/styles.css HTTP/1.1" 404 1969
"GET /static/images/profile.jpg HTTP/1.1" 404 1981
"GET /static/css/styles.css HTTP/1.1" 404 1969
"GET /static/images/profile.jpg HTTP/1.1" 404 1981
"GET /static/css/styles.css HTTP/1.1" 404 1969
"GET /static/images/profile.jpg HTTP/1.1" 404 1981
"GET /static/css/styles.css HTTP/1.1" 404 1969
"GET /static/images/profile.jpg HTTP/1.1" 404 1981
"GET /static/images/profile.jpg HTTP/1.1" 404 1981
"GET /static/css/styles.css HTTP/1.1" 404 1969
"GET /static/css/styles.css HTTP/1.1" 404 1969
"GET /static/images/profile.jpg HTTP/1.1" 404 1981
"GET /static/css/styles.css HTTP/1.1" 404 1969
"GET /static/images/profile.jpg HTTP/1.1" 404 1981
"GET /static/images/profile.jpg HTTP/1.1" 404 1981
"GET /static/css/styles.css HTTP/1.1" 404 1969
"GET /static/css/styles.css HTTP/1.1" 404 1969
"GET /static/images/profile.jpg HTTP/1.1" 404 1981
"GET /static/css/styles.css HTTP/1.1" 404 1969
"GET /static/images/profile.jpg HTTP/1.1" 404 1981
"GET /static/images/profile.jpg HTTP/1.1" 404 1981
"GET /static/css/styles.css HTTP/1.1" 404 1969
"GET /static/css/styles.css HTTP/1.1" 404 1969
"GET /static/images/profile.jpg HTTP/1.1" 404 1981
"GET /static/css/styles.css HTTP/1.1" 404 1969
"GET /static/images/profile.jpg HTTP/1.1" 404 1981
"GET /static/images/profile.jpg HTTP/1.1" 404 1981
"GET /static/css/styles.css HTTP/1.1" 404 1969
"GET /static/css/styles.css HTTP/1.1" 404 1969
"GET /static/images/profile.jpg HTTP/1.1" 404 1981
"GET /static/css/styles.css HTTP/1.1" 404 1969
"GET /static/images/profile.jpg HTTP/1.1" 404 1981
"GET /static/css/styles.css HTTP/1.1" 404 1969
"GET /static/images/banner.jpg HTTP/1.1" 404 1978
"GET /static/css/styles.css HTTP/1.1" 404 1969
"GET /static/images/profile.jpg HTTP/1.1" 404 1981
"GET /static/css/styles.css HTTP/1.1" 404 1969
"GET /static/images/profile.jpg HTTP/1.1" 404 1981
"GET /static/images/banner.jpg HTTP/1.1" 404 1978
"GET /static/css/styles.css HTTP/1.1" 404 1969
"GET /static/images/profile.jpg HTTP/1.1" 404 1981
"GET /static/css/styles.css HTTP/1.1" 404 1969
"GET /static/css/styles.css HTTP/1.1" 404 1969
"GET /static/images/banner.jpg HTTP/1.1" 404 1978
"GET /static/images/profile.jpg HTTP/1.1" 404 1981
"GET /static/css/styles.css HTTP/1.1" 404 1969
"GET /static/images/profile.jpg HTTP/1.1" 404 1981
"GET /static/css/styles.css HTTP/1.1" 404 1969
"GET /static/images/profile.jpg HTTP/1.1" 404 1981
Internal Server Error: /submit-review/7/
Traceback (most recent call last):
  File "C:\Users\hp\OneDrive\Desktop\enoch-shopping\.venv\Lib\site-packages\django\core\handlers\exception.py", line 55, in inner
    response = get_response(request)
               ^^^^^^^^^^^^^^^^^^^^^
  File "C:\Users\hp\OneDrive\Desktop\enoch-shopping\.venv\Lib\site-packages\django\core\handlers\base.py", line 197, in _get_response
    response = wrapped_callback(request, *callback_args, **callback_kwargs)
               ^^^^^^^^^^^^^^^^^^^^^^^^^^^^^^^^^^^^^^^^^^^^^^^^^^^^^^^^^^^^
  File "C:\Users\hp\OneDrive\Desktop\enoch-shopping\shop\views.py", line 1126, in submit_review
    Review.objects.create(
  File "C:\Users\hp\OneDrive\Desktop\enoch-shopping\.venv\Lib\site-packages\django\db\models\manager.py", line 87, in manager_method
    return getattr(self.get_queryset(), name)(*args, **kwargs)
           ^^^^^^^^^^^^^^^^^^^^^^^^^^^^^^^^^^^^^^^^^^^^^^^^^^^
  File "C:\Users\hp\OneDrive\Desktop\enoch-shopping\.venv\Lib\site-packages\django\db\models\query.py", line 677, in create
    obj = self.model(**kwargs)
          ^^^^^^^^^^^^^^^^^^^^
  File "C:\Users\hp\OneDrive\Desktop\enoch-shopping\.venv\Lib\site-packages\django\db\models\base.py", line 567, in __init__
    raise TypeError(
TypeError: Review() got unexpected keyword arguments: 'product'
"POST /submit-review/7/ HTTP/1.1" 500 81317
Internal Server Error: /submit-review/7/
Traceback (most recent call last):
  File "C:\Users\hp\OneDrive\Desktop\enoch-shopping\.venv\Lib\site-packages\django\core\handlers\exception.py", line 55, in inner
    response = get_response(request)
               ^^^^^^^^^^^^^^^^^^^^^
  File "C:\Users\hp\OneDrive\Desktop\enoch-shopping\.venv\Lib\site-packages\django\core\handlers\base.py", line 197, in _get_response
    response = wrapped_callback(request, *callback_args, **callback_kwargs)
               ^^^^^^^^^^^^^^^^^^^^^^^^^^^^^^^^^^^^^^^^^^^^^^^^^^^^^^^^^^^^
  File "C:\Users\hp\OneDrive\Desktop\enoch-shopping\shop\views.py", line 1126, in submit_review
    Review.objects.create(
  File "C:\Users\hp\OneDrive\Desktop\enoch-shopping\.venv\Lib\site-packages\django\db\models\manager.py", line 87, in manager_method
    return getattr(self.get_queryset(), name)(*args, **kwargs)
           ^^^^^^^^^^^^^^^^^^^^^^^^^^^^^^^^^^^^^^^^^^^^^^^^^^^
  File "C:\Users\hp\OneDrive\Desktop\enoch-shopping\.venv\Lib\site-packages\django\db\models\query.py", line 677, in create
    obj = self.model(**kwargs)
          ^^^^^^^^^^^^^^^^^^^^
  File "C:\Users\hp\OneDrive\Desktop\enoch-shopping\.venv\Lib\site-packages\django\db\models\base.py", line 567, in __init__
    raise TypeError(
TypeError: Review() got unexpected keyword arguments: 'product'
"POST /submit-review/7/ HTTP/1.1" 500 81317
"GET /static/images/profile.jpg HTTP/1.1" 404 1981
"GET /static/css/styles.css HTTP/1.1" 404 1969
"GET /static/path/to/aframe.min.js HTTP/1.1" 404 1990
"GET /static/css/styles.css HTTP/1.1" 404 1969
"GET /static/path/to/aframe-ar.js HTTP/1.1" 404 1987
"GET /static/path/to/favicon.ico HTTP/1.1" 404 1984
"GET /static/images/profile.jpg HTTP/1.1" 404 1981
"GET /static/css/styles.css HTTP/1.1" 404 1969
Internal Server Error: /remove-from-wishlist/5/
Traceback (most recent call last):
  File "C:\Users\hp\OneDrive\Desktop\enoch-shopping\.venv\Lib\site-packages\django\core\handlers\exception.py", line 55, in inner
    response = get_response(request)
               ^^^^^^^^^^^^^^^^^^^^^
  File "C:\Users\hp\OneDrive\Desktop\enoch-shopping\.venv\Lib\site-packages\django\core\handlers\base.py", line 197, in _get_response
    response = wrapped_callback(request, *callback_args, **callback_kwargs)
               ^^^^^^^^^^^^^^^^^^^^^^^^^^^^^^^^^^^^^^^^^^^^^^^^^^^^^^^^^^^^
  File "C:\Users\hp\OneDrive\Desktop\enoch-shopping\shop\views.py", line 1502, in remove_from_wishlist
    if product in wishlist.products.all():  # Check if the product is in the wishlist
                  ^^^^^^^^^^^^^^^^^
AttributeError: 'Wishlist' object has no attribute 'products'. Did you mean: 'product'?
"POST /remove-from-wishlist/5/ HTTP/1.1" 500 65734
"GET /static/css/styles.css HTTP/1.1" 404 1969
"GET /static/images/profile.jpg HTTP/1.1" 404 1981
"GET /static/images/profile.jpg HTTP/1.1" 404 1981
"GET /static/css/styles.css HTTP/1.1" 404 1969
"GET /static/css/styles.css HTTP/1.1" 404 1969
"GET /static/images/profile.jpg HTTP/1.1" 404 1981
"GET /static/images/profile.jpg HTTP/1.1" 404 1981
"GET /static/css/styles.css HTTP/1.1" 404 1969
"GET /static/images/profile.jpg HTTP/1.1" 404 1981
"GET /static/css/styles.css HTTP/1.1" 404 1969
"GET /static/images/profile.jpg HTTP/1.1" 404 1981
"GET /static/css/styles.css HTTP/1.1" 404 1969
"GET /static/images/profile.jpg HTTP/1.1" 404 1981
"GET /static/css/styles.css HTTP/1.1" 404 1969
"GET /static/css/styles.css HTTP/1.1" 404 1969
"GET /static/images/profile.jpg HTTP/1.1" 404 1981
"GET /static/css/styles.css HTTP/1.1" 404 1969
"GET /static/images/profile.jpg HTTP/1.1" 404 1981
"GET /static/images/profile.jpg HTTP/1.1" 404 1981
"GET /static/css/styles.css HTTP/1.1" 404 1969
"GET /static/css/styles.css HTTP/1.1" 404 1969
"GET /static/images/profile.jpg HTTP/1.1" 404 1981
"GET /static/images/profile.jpg HTTP/1.1" 404 1981
"GET /static/css/styles.css HTTP/1.1" 404 1969
"GET /static/images/profile.jpg HTTP/1.1" 404 1981
"GET /static/css/styles.css HTTP/1.1" 404 1969
"GET /static/css/styles.css HTTP/1.1" 404 1969
"GET /static/images/profile.jpg HTTP/1.1" 404 1981
"GET /static/css/styles.css HTTP/1.1" 404 1969
"GET /static/images/profile.jpg HTTP/1.1" 404 1981
Internal Server Error: /remove-from-wishlist/5/
Traceback (most recent call last):
  File "C:\Users\hp\OneDrive\Desktop\enoch-shopping\.venv\Lib\site-packages\django\core\handlers\exception.py", line 55, in inner
    response = get_response(request)
               ^^^^^^^^^^^^^^^^^^^^^
  File "C:\Users\hp\OneDrive\Desktop\enoch-shopping\.venv\Lib\site-packages\django\core\handlers\base.py", line 197, in _get_response
    response = wrapped_callback(request, *callback_args, **callback_kwargs)
               ^^^^^^^^^^^^^^^^^^^^^^^^^^^^^^^^^^^^^^^^^^^^^^^^^^^^^^^^^^^^
  File "C:\Users\hp\OneDrive\Desktop\enoch-shopping\shop\views.py", line 1496, in remove_from_wishlist
    wishlist = get_object_or_404(Wishlist, user=request.user)
               ^^^^^^^^^^^^^^^^^^^^^^^^^^^^^^^^^^^^^^^^^^^^^^
  File "C:\Users\hp\OneDrive\Desktop\enoch-shopping\.venv\Lib\site-packages\django\shortcuts.py", line 86, in get_object_or_404
    return queryset.get(*args, **kwargs)
           ^^^^^^^^^^^^^^^^^^^^^^^^^^^^^
  File "C:\Users\hp\OneDrive\Desktop\enoch-shopping\.venv\Lib\site-packages\django\db\models\query.py", line 652, in get
    raise self.model.MultipleObjectsReturned(
shop.models.Wishlist.MultipleObjectsReturned: get() returned more than one Wishlist -- it returned 2!
"POST /remove-from-wishlist/5/ HTTP/1.1" 500 75332
"GET /static/images/profile.jpg HTTP/1.1" 404 1981
"GET /static/css/styles.css HTTP/1.1" 404 1969
"GET /static/css/styles.css HTTP/1.1" 404 1969
"GET /static/images/profile.jpg HTTP/1.1" 404 1981
"GET /static/images/profile.jpg HTTP/1.1" 404 1981
"GET /static/css/styles.css HTTP/1.1" 404 1969
"GET /static/images/profile.jpg HTTP/1.1" 404 1981
"GET /static/css/styles.css HTTP/1.1" 404 1969
"GET /static/images/profile.jpg HTTP/1.1" 404 1981
"GET /static/css/styles.css HTTP/1.1" 404 1969
"GET /static/css/styles.css HTTP/1.1" 404 1969
"GET /static/images/profile.jpg HTTP/1.1" 404 1981
"GET /static/images/profile.jpg HTTP/1.1" 404 1981
"GET /static/css/styles.css HTTP/1.1" 404 1969
"GET /static/images/profile.jpg HTTP/1.1" 404 1981
"GET /static/css/styles.css HTTP/1.1" 404 1969
"GET /static/images/profile.jpg HTTP/1.1" 404 1981
"GET /static/css/styles.css HTTP/1.1" 404 1969
Internal Server Error: /checkout/
Traceback (most recent call last):
  File "C:\Users\hp\OneDrive\Desktop\enoch-shopping\.venv\Lib\site-packages\django\core\handlers\exception.py", line 55, in inner
    response = get_response(request)
               ^^^^^^^^^^^^^^^^^^^^^
  File "C:\Users\hp\OneDrive\Desktop\enoch-shopping\.venv\Lib\site-packages\django\core\handlers\base.py", line 197, in _get_response
    response = wrapped_callback(request, *callback_args, **callback_kwargs)
               ^^^^^^^^^^^^^^^^^^^^^^^^^^^^^^^^^^^^^^^^^^^^^^^^^^^^^^^^^^^^
  File "C:\Users\hp\OneDrive\Desktop\enoch-shopping\.venv\Lib\site-packages\django\views\generic\base.py", line 104, in view
    return self.dispatch(request, *args, **kwargs)
           ^^^^^^^^^^^^^^^^^^^^^^^^^^^^^^^^^^^^^^^
  File "C:\Users\hp\OneDrive\Desktop\enoch-shopping\.venv\Lib\site-packages\django\views\generic\base.py", line 143, in dispatch
    return handler(request, *args, **kwargs)
           ^^^^^^^^^^^^^^^^^^^^^^^^^^^^^^^^^
  File "C:\Users\hp\OneDrive\Desktop\enoch-shopping\shop\views.py", line 2339, in get
    return render(request, self.template_name)
           ^^^^^^^^^^^^^^^^^^^^^^^^^^^^^^^^^^^
  File "C:\Users\hp\OneDrive\Desktop\enoch-shopping\.venv\Lib\site-packages\django\shortcuts.py", line 25, in render
    content = loader.render_to_string(template_name, context, request, using=using)
              ^^^^^^^^^^^^^^^^^^^^^^^^^^^^^^^^^^^^^^^^^^^^^^^^^^^^^^^^^^^^^^^^^^^^^
  File "C:\Users\hp\OneDrive\Desktop\enoch-shopping\.venv\Lib\site-packages\django\template\loader.py", line 62, in render_to_string
    return template.render(context, request)
           ^^^^^^^^^^^^^^^^^^^^^^^^^^^^^^^^^
  File "C:\Users\hp\OneDrive\Desktop\enoch-shopping\.venv\Lib\site-packages\django\template\backends\django.py", line 107, in render
    return self.template.render(context)
           ^^^^^^^^^^^^^^^^^^^^^^^^^^^^^
  File "C:\Users\hp\OneDrive\Desktop\enoch-shopping\.venv\Lib\site-packages\django\template\base.py", line 171, in render
    return self._render(context)
           ^^^^^^^^^^^^^^^^^^^^^
  File "C:\Users\hp\OneDrive\Desktop\enoch-shopping\.venv\Lib\site-packages\django\template\base.py", line 163, in _render
    return self.nodelist.render(context)
           ^^^^^^^^^^^^^^^^^^^^^^^^^^^^^
  File "C:\Users\hp\OneDrive\Desktop\enoch-shopping\.venv\Lib\site-packages\django\template\base.py", line 1008, in render
    return SafeString("".join([node.render_annotated(context) for node in self]))
                               ^^^^^^^^^^^^^^^^^^^^^^^^^^^^^^
  File "C:\Users\hp\OneDrive\Desktop\enoch-shopping\.venv\Lib\site-packages\django\template\base.py", line 969, in render_annotated
    return self.render(context)
           ^^^^^^^^^^^^^^^^^^^^
  File "C:\Users\hp\OneDrive\Desktop\enoch-shopping\.venv\Lib\site-packages\django\template\loader_tags.py", line 159, in render
    return compiled_parent._render(context)
           ^^^^^^^^^^^^^^^^^^^^^^^^^^^^^^^^
  File "C:\Users\hp\OneDrive\Desktop\enoch-shopping\.venv\Lib\site-packages\django\template\base.py", line 163, in _render
    return self.nodelist.render(context)
           ^^^^^^^^^^^^^^^^^^^^^^^^^^^^^
  File "C:\Users\hp\OneDrive\Desktop\enoch-shopping\.venv\Lib\site-packages\django\template\base.py", line 1008, in render
    return SafeString("".join([node.render_annotated(context) for node in self]))
                               ^^^^^^^^^^^^^^^^^^^^^^^^^^^^^^
  File "C:\Users\hp\OneDrive\Desktop\enoch-shopping\.venv\Lib\site-packages\django\template\base.py", line 969, in render_annotated
    return self.render(context)
           ^^^^^^^^^^^^^^^^^^^^
  File "C:\Users\hp\OneDrive\Desktop\enoch-shopping\.venv\Lib\site-packages\django\template\loader_tags.py", line 65, in render
    result = block.nodelist.render(context)
             ^^^^^^^^^^^^^^^^^^^^^^^^^^^^^^
  File "C:\Users\hp\OneDrive\Desktop\enoch-shopping\.venv\Lib\site-packages\django\template\base.py", line 1008, in render
    return SafeString("".join([node.render_annotated(context) for node in self]))
                               ^^^^^^^^^^^^^^^^^^^^^^^^^^^^^^
  File "C:\Users\hp\OneDrive\Desktop\enoch-shopping\.venv\Lib\site-packages\django\template\base.py", line 969, in render_annotated
    return self.render(context)
           ^^^^^^^^^^^^^^^^^^^^
  File "C:\Users\hp\OneDrive\Desktop\enoch-shopping\.venv\Lib\site-packages\django\template\defaulttags.py", line 480, in render
    url = reverse(view_name, args=args, kwargs=kwargs, current_app=current_app)
          ^^^^^^^^^^^^^^^^^^^^^^^^^^^^^^^^^^^^^^^^^^^^^^^^^^^^^^^^^^^^^^^^^^^^^
  File "C:\Users\hp\OneDrive\Desktop\enoch-shopping\.venv\Lib\site-packages\django\urls\base.py", line 88, in reverse
    return resolver._reverse_with_prefix(view, prefix, *args, **kwargs)
           ^^^^^^^^^^^^^^^^^^^^^^^^^^^^^^^^^^^^^^^^^^^^^^^^^^^^^^^^^^^^
  File "C:\Users\hp\OneDrive\Desktop\enoch-shopping\.venv\Lib\site-packages\django\urls\resolvers.py", line 831, in _reverse_with_prefix
    raise NoReverseMatch(msg)
django.urls.exceptions.NoReverseMatch: Reverse for 'add_to_cart' with arguments '('',)' not found. 1 pattern(s) tried: ['add\\-to\\-cart/(?P<product_id>[0-9]+)/\\Z']
"GET /checkout/ HTTP/1.1" 500 169431
"GET /static/images/profile.jpg HTTP/1.1" 404 1981
"GET /static/css/styles.css HTTP/1.1" 404 1969
"GET /static/css/styles.css HTTP/1.1" 404 1969
"GET /static/images/profile.jpg HTTP/1.1" 404 1981
"GET /static/css/styles.css HTTP/1.1" 404 1969
"GET /static/images/profile.jpg HTTP/1.1" 404 1981
"GET /static/images/profile.jpg HTTP/1.1" 404 1981
"GET /static/css/styles.css HTTP/1.1" 404 1969
"GET /static/images/profile.jpg HTTP/1.1" 404 1981
"GET /static/css/styles.css HTTP/1.1" 404 1969
"GET /static/css/styles.css HTTP/1.1" 404 1969
"GET /static/images/profile.jpg HTTP/1.1" 404 1981
"GET /static/images/profile.jpg HTTP/1.1" 404 1981
"GET /static/css/styles.css HTTP/1.1" 404 1969
"GET /static/css/styles.css HTTP/1.1" 404 1969
"GET /static/images/profile.jpg HTTP/1.1" 404 1981
"GET /static/css/styles.css HTTP/1.1" 404 1969
"GET /static/images/profile.jpg HTTP/1.1" 404 1981
"GET /static/images/profile.jpg HTTP/1.1" 404 1981
"GET /static/css/styles.css HTTP/1.1" 404 1969
"GET /static/images/profile.jpg HTTP/1.1" 404 1981
"GET /static/css/styles.css HTTP/1.1" 404 1969
Internal Server Error: /checkout/
Traceback (most recent call last):
  File "C:\Users\hp\OneDrive\Desktop\enoch-shopping\.venv\Lib\site-packages\django\core\handlers\exception.py", line 55, in inner
    response = get_response(request)
               ^^^^^^^^^^^^^^^^^^^^^
  File "C:\Users\hp\OneDrive\Desktop\enoch-shopping\.venv\Lib\site-packages\django\core\handlers\base.py", line 197, in _get_response
    response = wrapped_callback(request, *callback_args, **callback_kwargs)
               ^^^^^^^^^^^^^^^^^^^^^^^^^^^^^^^^^^^^^^^^^^^^^^^^^^^^^^^^^^^^
  File "C:\Users\hp\OneDrive\Desktop\enoch-shopping\.venv\Lib\site-packages\django\views\generic\base.py", line 104, in view
    return self.dispatch(request, *args, **kwargs)
           ^^^^^^^^^^^^^^^^^^^^^^^^^^^^^^^^^^^^^^^
  File "C:\Users\hp\OneDrive\Desktop\enoch-shopping\.venv\Lib\site-packages\django\views\generic\base.py", line 143, in dispatch
    return handler(request, *args, **kwargs)
           ^^^^^^^^^^^^^^^^^^^^^^^^^^^^^^^^^
  File "C:\Users\hp\OneDrive\Desktop\enoch-shopping\shop\views.py", line 2339, in get
    return render(request, self.template_name)
           ^^^^^^^^^^^^^^^^^^^^^^^^^^^^^^^^^^^
  File "C:\Users\hp\OneDrive\Desktop\enoch-shopping\.venv\Lib\site-packages\django\shortcuts.py", line 25, in render
    content = loader.render_to_string(template_name, context, request, using=using)
              ^^^^^^^^^^^^^^^^^^^^^^^^^^^^^^^^^^^^^^^^^^^^^^^^^^^^^^^^^^^^^^^^^^^^^
  File "C:\Users\hp\OneDrive\Desktop\enoch-shopping\.venv\Lib\site-packages\django\template\loader.py", line 62, in render_to_string
    return template.render(context, request)
           ^^^^^^^^^^^^^^^^^^^^^^^^^^^^^^^^^
  File "C:\Users\hp\OneDrive\Desktop\enoch-shopping\.venv\Lib\site-packages\django\template\backends\django.py", line 107, in render
    return self.template.render(context)
           ^^^^^^^^^^^^^^^^^^^^^^^^^^^^^
  File "C:\Users\hp\OneDrive\Desktop\enoch-shopping\.venv\Lib\site-packages\django\template\base.py", line 171, in render
    return self._render(context)
           ^^^^^^^^^^^^^^^^^^^^^
  File "C:\Users\hp\OneDrive\Desktop\enoch-shopping\.venv\Lib\site-packages\django\template\base.py", line 163, in _render
    return self.nodelist.render(context)
           ^^^^^^^^^^^^^^^^^^^^^^^^^^^^^
  File "C:\Users\hp\OneDrive\Desktop\enoch-shopping\.venv\Lib\site-packages\django\template\base.py", line 1008, in render
    return SafeString("".join([node.render_annotated(context) for node in self]))
                               ^^^^^^^^^^^^^^^^^^^^^^^^^^^^^^
  File "C:\Users\hp\OneDrive\Desktop\enoch-shopping\.venv\Lib\site-packages\django\template\base.py", line 969, in render_annotated
    return self.render(context)
           ^^^^^^^^^^^^^^^^^^^^
  File "C:\Users\hp\OneDrive\Desktop\enoch-shopping\.venv\Lib\site-packages\django\template\loader_tags.py", line 159, in render
    return compiled_parent._render(context)
           ^^^^^^^^^^^^^^^^^^^^^^^^^^^^^^^^
  File "C:\Users\hp\OneDrive\Desktop\enoch-shopping\.venv\Lib\site-packages\django\template\base.py", line 163, in _render
    return self.nodelist.render(context)
           ^^^^^^^^^^^^^^^^^^^^^^^^^^^^^
  File "C:\Users\hp\OneDrive\Desktop\enoch-shopping\.venv\Lib\site-packages\django\template\base.py", line 1008, in render
    return SafeString("".join([node.render_annotated(context) for node in self]))
                               ^^^^^^^^^^^^^^^^^^^^^^^^^^^^^^
  File "C:\Users\hp\OneDrive\Desktop\enoch-shopping\.venv\Lib\site-packages\django\template\base.py", line 969, in render_annotated
    return self.render(context)
           ^^^^^^^^^^^^^^^^^^^^
  File "C:\Users\hp\OneDrive\Desktop\enoch-shopping\.venv\Lib\site-packages\django\template\loader_tags.py", line 65, in render
    result = block.nodelist.render(context)
             ^^^^^^^^^^^^^^^^^^^^^^^^^^^^^^
  File "C:\Users\hp\OneDrive\Desktop\enoch-shopping\.venv\Lib\site-packages\django\template\base.py", line 1008, in render
    return SafeString("".join([node.render_annotated(context) for node in self]))
                               ^^^^^^^^^^^^^^^^^^^^^^^^^^^^^^
  File "C:\Users\hp\OneDrive\Desktop\enoch-shopping\.venv\Lib\site-packages\django\template\base.py", line 969, in render_annotated
    return self.render(context)
           ^^^^^^^^^^^^^^^^^^^^
  File "C:\Users\hp\OneDrive\Desktop\enoch-shopping\.venv\Lib\site-packages\django\template\defaulttags.py", line 480, in render
    url = reverse(view_name, args=args, kwargs=kwargs, current_app=current_app)
          ^^^^^^^^^^^^^^^^^^^^^^^^^^^^^^^^^^^^^^^^^^^^^^^^^^^^^^^^^^^^^^^^^^^^^
  File "C:\Users\hp\OneDrive\Desktop\enoch-shopping\.venv\Lib\site-packages\django\urls\base.py", line 88, in reverse
    return resolver._reverse_with_prefix(view, prefix, *args, **kwargs)
           ^^^^^^^^^^^^^^^^^^^^^^^^^^^^^^^^^^^^^^^^^^^^^^^^^^^^^^^^^^^^
  File "C:\Users\hp\OneDrive\Desktop\enoch-shopping\.venv\Lib\site-packages\django\urls\resolvers.py", line 831, in _reverse_with_prefix
    raise NoReverseMatch(msg)
django.urls.exceptions.NoReverseMatch: Reverse for 'product_detail' with arguments '('',)' not found. 2 pattern(s) tried: ['product/(?P<product_id>[0-9]+)/\\Z', 'product/(?P<pk>[0-9]+)/\\Z']
"GET /checkout/ HTTP/1.1" 500 166085
Internal Server Error: /checkout/
Traceback (most recent call last):
  File "C:\Users\hp\OneDrive\Desktop\enoch-shopping\.venv\Lib\site-packages\django\core\handlers\exception.py", line 55, in inner
    response = get_response(request)
               ^^^^^^^^^^^^^^^^^^^^^
  File "C:\Users\hp\OneDrive\Desktop\enoch-shopping\.venv\Lib\site-packages\django\core\handlers\base.py", line 197, in _get_response
    response = wrapped_callback(request, *callback_args, **callback_kwargs)
               ^^^^^^^^^^^^^^^^^^^^^^^^^^^^^^^^^^^^^^^^^^^^^^^^^^^^^^^^^^^^
  File "C:\Users\hp\OneDrive\Desktop\enoch-shopping\.venv\Lib\site-packages\django\views\generic\base.py", line 104, in view
    return self.dispatch(request, *args, **kwargs)
           ^^^^^^^^^^^^^^^^^^^^^^^^^^^^^^^^^^^^^^^
  File "C:\Users\hp\OneDrive\Desktop\enoch-shopping\.venv\Lib\site-packages\django\views\generic\base.py", line 143, in dispatch
    return handler(request, *args, **kwargs)
           ^^^^^^^^^^^^^^^^^^^^^^^^^^^^^^^^^
  File "C:\Users\hp\OneDrive\Desktop\enoch-shopping\shop\views.py", line 2339, in get
    return render(request, self.template_name)
           ^^^^^^^^^^^^^^^^^^^^^^^^^^^^^^^^^^^
  File "C:\Users\hp\OneDrive\Desktop\enoch-shopping\.venv\Lib\site-packages\django\shortcuts.py", line 25, in render
    content = loader.render_to_string(template_name, context, request, using=using)
              ^^^^^^^^^^^^^^^^^^^^^^^^^^^^^^^^^^^^^^^^^^^^^^^^^^^^^^^^^^^^^^^^^^^^^
  File "C:\Users\hp\OneDrive\Desktop\enoch-shopping\.venv\Lib\site-packages\django\template\loader.py", line 62, in render_to_string
    return template.render(context, request)
           ^^^^^^^^^^^^^^^^^^^^^^^^^^^^^^^^^
  File "C:\Users\hp\OneDrive\Desktop\enoch-shopping\.venv\Lib\site-packages\django\template\backends\django.py", line 107, in render
    return self.template.render(context)
           ^^^^^^^^^^^^^^^^^^^^^^^^^^^^^
  File "C:\Users\hp\OneDrive\Desktop\enoch-shopping\.venv\Lib\site-packages\django\template\base.py", line 171, in render
    return self._render(context)
           ^^^^^^^^^^^^^^^^^^^^^
  File "C:\Users\hp\OneDrive\Desktop\enoch-shopping\.venv\Lib\site-packages\django\template\base.py", line 163, in _render
    return self.nodelist.render(context)
           ^^^^^^^^^^^^^^^^^^^^^^^^^^^^^
  File "C:\Users\hp\OneDrive\Desktop\enoch-shopping\.venv\Lib\site-packages\django\template\base.py", line 1008, in render
    return SafeString("".join([node.render_annotated(context) for node in self]))
                               ^^^^^^^^^^^^^^^^^^^^^^^^^^^^^^
  File "C:\Users\hp\OneDrive\Desktop\enoch-shopping\.venv\Lib\site-packages\django\template\base.py", line 969, in render_annotated
    return self.render(context)
           ^^^^^^^^^^^^^^^^^^^^
  File "C:\Users\hp\OneDrive\Desktop\enoch-shopping\.venv\Lib\site-packages\django\template\loader_tags.py", line 159, in render
    return compiled_parent._render(context)
           ^^^^^^^^^^^^^^^^^^^^^^^^^^^^^^^^
  File "C:\Users\hp\OneDrive\Desktop\enoch-shopping\.venv\Lib\site-packages\django\template\base.py", line 163, in _render
    return self.nodelist.render(context)
           ^^^^^^^^^^^^^^^^^^^^^^^^^^^^^
  File "C:\Users\hp\OneDrive\Desktop\enoch-shopping\.venv\Lib\site-packages\django\template\base.py", line 1008, in render
    return SafeString("".join([node.render_annotated(context) for node in self]))
                               ^^^^^^^^^^^^^^^^^^^^^^^^^^^^^^
  File "C:\Users\hp\OneDrive\Desktop\enoch-shopping\.venv\Lib\site-packages\django\template\base.py", line 969, in render_annotated
    return self.render(context)
           ^^^^^^^^^^^^^^^^^^^^
  File "C:\Users\hp\OneDrive\Desktop\enoch-shopping\.venv\Lib\site-packages\django\template\loader_tags.py", line 65, in render
    result = block.nodelist.render(context)
             ^^^^^^^^^^^^^^^^^^^^^^^^^^^^^^
  File "C:\Users\hp\OneDrive\Desktop\enoch-shopping\.venv\Lib\site-packages\django\template\base.py", line 1008, in render
    return SafeString("".join([node.render_annotated(context) for node in self]))
                               ^^^^^^^^^^^^^^^^^^^^^^^^^^^^^^
  File "C:\Users\hp\OneDrive\Desktop\enoch-shopping\.venv\Lib\site-packages\django\template\base.py", line 969, in render_annotated
    return self.render(context)
           ^^^^^^^^^^^^^^^^^^^^
  File "C:\Users\hp\OneDrive\Desktop\enoch-shopping\.venv\Lib\site-packages\django\template\defaulttags.py", line 327, in render
    return nodelist.render(context)
           ^^^^^^^^^^^^^^^^^^^^^^^^
  File "C:\Users\hp\OneDrive\Desktop\enoch-shopping\.venv\Lib\site-packages\django\template\base.py", line 1008, in render
    return SafeString("".join([node.render_annotated(context) for node in self]))
                               ^^^^^^^^^^^^^^^^^^^^^^^^^^^^^^
  File "C:\Users\hp\OneDrive\Desktop\enoch-shopping\.venv\Lib\site-packages\django\template\base.py", line 969, in render_annotated
    return self.render(context)
           ^^^^^^^^^^^^^^^^^^^^
  File "C:\Users\hp\OneDrive\Desktop\enoch-shopping\.venv\Lib\site-packages\django\template\defaulttags.py", line 480, in render
    url = reverse(view_name, args=args, kwargs=kwargs, current_app=current_app)
          ^^^^^^^^^^^^^^^^^^^^^^^^^^^^^^^^^^^^^^^^^^^^^^^^^^^^^^^^^^^^^^^^^^^^^
  File "C:\Users\hp\OneDrive\Desktop\enoch-shopping\.venv\Lib\site-packages\django\urls\base.py", line 88, in reverse
    return resolver._reverse_with_prefix(view, prefix, *args, **kwargs)
           ^^^^^^^^^^^^^^^^^^^^^^^^^^^^^^^^^^^^^^^^^^^^^^^^^^^^^^^^^^^^
  File "C:\Users\hp\OneDrive\Desktop\enoch-shopping\.venv\Lib\site-packages\django\urls\resolvers.py", line 831, in _reverse_with_prefix
    raise NoReverseMatch(msg)
django.urls.exceptions.NoReverseMatch: Reverse for 'product_list' not found. 'product_list' is not a valid view function or pattern name.
"GET /checkout/ HTTP/1.1" 500 174036
"GET /static/images/profile.jpg HTTP/1.1" 404 1981
"GET /static/css/styles.css HTTP/1.1" 404 1969
Internal Server Error: /products/
Traceback (most recent call last):
  File "C:\Users\hp\OneDrive\Desktop\enoch-shopping\.venv\Lib\site-packages\django\core\handlers\exception.py", line 55, in inner
    response = get_response(request)
               ^^^^^^^^^^^^^^^^^^^^^
  File "C:\Users\hp\OneDrive\Desktop\enoch-shopping\.venv\Lib\site-packages\django\core\handlers\base.py", line 220, in _get_response
    response = response.render()
               ^^^^^^^^^^^^^^^^^
  File "C:\Users\hp\OneDrive\Desktop\enoch-shopping\.venv\Lib\site-packages\django\template\response.py", line 114, in render
    self.content = self.rendered_content
                   ^^^^^^^^^^^^^^^^^^^^^
  File "C:\Users\hp\OneDrive\Desktop\enoch-shopping\.venv\Lib\site-packages\django\template\response.py", line 92, in rendered_content
    return template.render(context, self._request)
           ^^^^^^^^^^^^^^^^^^^^^^^^^^^^^^^^^^^^^^^
  File "C:\Users\hp\OneDrive\Desktop\enoch-shopping\.venv\Lib\site-packages\django\template\backends\django.py", line 107, in render
    return self.template.render(context)
           ^^^^^^^^^^^^^^^^^^^^^^^^^^^^^
  File "C:\Users\hp\OneDrive\Desktop\enoch-shopping\.venv\Lib\site-packages\django\template\base.py", line 171, in render
    return self._render(context)
           ^^^^^^^^^^^^^^^^^^^^^
  File "C:\Users\hp\OneDrive\Desktop\enoch-shopping\.venv\Lib\site-packages\django\template\base.py", line 163, in _render
    return self.nodelist.render(context)
           ^^^^^^^^^^^^^^^^^^^^^^^^^^^^^
  File "C:\Users\hp\OneDrive\Desktop\enoch-shopping\.venv\Lib\site-packages\django\template\base.py", line 1008, in render
    return SafeString("".join([node.render_annotated(context) for node in self]))
                               ^^^^^^^^^^^^^^^^^^^^^^^^^^^^^^
  File "C:\Users\hp\OneDrive\Desktop\enoch-shopping\.venv\Lib\site-packages\django\template\base.py", line 969, in render_annotated
    return self.render(context)
           ^^^^^^^^^^^^^^^^^^^^
  File "C:\Users\hp\OneDrive\Desktop\enoch-shopping\.venv\Lib\site-packages\django\template\defaulttags.py", line 243, in render
    nodelist.append(node.render_annotated(context))
                    ^^^^^^^^^^^^^^^^^^^^^^^^^^^^^^
  File "C:\Users\hp\OneDrive\Desktop\enoch-shopping\.venv\Lib\site-packages\django\template\base.py", line 969, in render_annotated
    return self.render(context)
           ^^^^^^^^^^^^^^^^^^^^
  File "C:\Users\hp\OneDrive\Desktop\enoch-shopping\.venv\Lib\site-packages\django\template\defaulttags.py", line 480, in render
    url = reverse(view_name, args=args, kwargs=kwargs, current_app=current_app)
          ^^^^^^^^^^^^^^^^^^^^^^^^^^^^^^^^^^^^^^^^^^^^^^^^^^^^^^^^^^^^^^^^^^^^^
  File "C:\Users\hp\OneDrive\Desktop\enoch-shopping\.venv\Lib\site-packages\django\urls\base.py", line 88, in reverse
    return resolver._reverse_with_prefix(view, prefix, *args, **kwargs)
           ^^^^^^^^^^^^^^^^^^^^^^^^^^^^^^^^^^^^^^^^^^^^^^^^^^^^^^^^^^^^
  File "C:\Users\hp\OneDrive\Desktop\enoch-shopping\.venv\Lib\site-packages\django\urls\resolvers.py", line 831, in _reverse_with_prefix
    raise NoReverseMatch(msg)
django.urls.exceptions.NoReverseMatch: Reverse for 'product_detail' not found. 'product_detail' is not a valid view function or pattern name.
"GET /products/ HTTP/1.1" 500 127271
"GET /static/css/styles.css HTTP/1.1" 404 1969
"GET /static/css/styles.css HTTP/1.1" 404 1969
"GET /static/css/styles.css HTTP/1.1" 404 1969
"GET /static/css/styles.css HTTP/1.1" 404 1969
"GET /static/images/profile.jpg HTTP/1.1" 404 1981
"GET /static/css/styles.css HTTP/1.1" 404 1969
"GET /static/css/styles.css HTTP/1.1" 404 1969
"GET /static/css/styles.css HTTP/1.1" 404 1969
"GET /static/images/profile.jpg HTTP/1.1" 404 1981
"GET /static/css/styles.css HTTP/1.1" 404 1969
"GET /static/images/profile.jpg HTTP/1.1" 404 1981
"GET /static/css/styles.css HTTP/1.1" 404 1969
"GET /static/css/styles.css HTTP/1.1" 404 1969
"GET /static/images/profile.jpg HTTP/1.1" 404 1981
"GET /static/css/styles.css HTTP/1.1" 404 1969
"GET /static/css/styles.css HTTP/1.1" 404 1969
"GET /static/images/profile.jpg HTTP/1.1" 404 1981
Internal Server Error: /product/6/
Traceback (most recent call last):
  File "C:\Users\hp\OneDrive\Desktop\enoch-shopping\.venv\Lib\site-packages\django\core\handlers\exception.py", line 55, in inner
    response = get_response(request)
               ^^^^^^^^^^^^^^^^^^^^^
  File "C:\Users\hp\OneDrive\Desktop\enoch-shopping\.venv\Lib\site-packages\django\core\handlers\base.py", line 220, in _get_response
    response = response.render()
               ^^^^^^^^^^^^^^^^^
  File "C:\Users\hp\OneDrive\Desktop\enoch-shopping\.venv\Lib\site-packages\django\template\response.py", line 114, in render
    self.content = self.rendered_content
                   ^^^^^^^^^^^^^^^^^^^^^
  File "C:\Users\hp\OneDrive\Desktop\enoch-shopping\.venv\Lib\site-packages\django\template\response.py", line 92, in rendered_content
    return template.render(context, self._request)
           ^^^^^^^^^^^^^^^^^^^^^^^^^^^^^^^^^^^^^^^
  File "C:\Users\hp\OneDrive\Desktop\enoch-shopping\.venv\Lib\site-packages\django\template\backends\django.py", line 107, in render
    return self.template.render(context)
           ^^^^^^^^^^^^^^^^^^^^^^^^^^^^^
  File "C:\Users\hp\OneDrive\Desktop\enoch-shopping\.venv\Lib\site-packages\django\template\base.py", line 171, in render
    return self._render(context)
           ^^^^^^^^^^^^^^^^^^^^^
  File "C:\Users\hp\OneDrive\Desktop\enoch-shopping\.venv\Lib\site-packages\django\template\base.py", line 163, in _render
    return self.nodelist.render(context)
           ^^^^^^^^^^^^^^^^^^^^^^^^^^^^^
  File "C:\Users\hp\OneDrive\Desktop\enoch-shopping\.venv\Lib\site-packages\django\template\base.py", line 1008, in render
    return SafeString("".join([node.render_annotated(context) for node in self]))
                               ^^^^^^^^^^^^^^^^^^^^^^^^^^^^^^
  File "C:\Users\hp\OneDrive\Desktop\enoch-shopping\.venv\Lib\site-packages\django\template\base.py", line 969, in render_annotated
    return self.render(context)
           ^^^^^^^^^^^^^^^^^^^^
  File "C:\Users\hp\OneDrive\Desktop\enoch-shopping\.venv\Lib\site-packages\django\template\loader_tags.py", line 159, in render
    return compiled_parent._render(context)
           ^^^^^^^^^^^^^^^^^^^^^^^^^^^^^^^^
  File "C:\Users\hp\OneDrive\Desktop\enoch-shopping\.venv\Lib\site-packages\django\template\base.py", line 163, in _render
    return self.nodelist.render(context)
           ^^^^^^^^^^^^^^^^^^^^^^^^^^^^^
  File "C:\Users\hp\OneDrive\Desktop\enoch-shopping\.venv\Lib\site-packages\django\template\base.py", line 1008, in render
    return SafeString("".join([node.render_annotated(context) for node in self]))
                               ^^^^^^^^^^^^^^^^^^^^^^^^^^^^^^
  File "C:\Users\hp\OneDrive\Desktop\enoch-shopping\.venv\Lib\site-packages\django\template\base.py", line 969, in render_annotated
    return self.render(context)
           ^^^^^^^^^^^^^^^^^^^^
  File "C:\Users\hp\OneDrive\Desktop\enoch-shopping\.venv\Lib\site-packages\django\template\loader_tags.py", line 65, in render
    result = block.nodelist.render(context)
             ^^^^^^^^^^^^^^^^^^^^^^^^^^^^^^
  File "C:\Users\hp\OneDrive\Desktop\enoch-shopping\.venv\Lib\site-packages\django\template\base.py", line 1008, in render
    return SafeString("".join([node.render_annotated(context) for node in self]))
                               ^^^^^^^^^^^^^^^^^^^^^^^^^^^^^^
  File "C:\Users\hp\OneDrive\Desktop\enoch-shopping\.venv\Lib\site-packages\django\template\base.py", line 969, in render_annotated
    return self.render(context)
           ^^^^^^^^^^^^^^^^^^^^
  File "C:\Users\hp\OneDrive\Desktop\enoch-shopping\.venv\Lib\site-packages\django\template\defaulttags.py", line 480, in render
    url = reverse(view_name, args=args, kwargs=kwargs, current_app=current_app)
          ^^^^^^^^^^^^^^^^^^^^^^^^^^^^^^^^^^^^^^^^^^^^^^^^^^^^^^^^^^^^^^^^^^^^^
  File "C:\Users\hp\OneDrive\Desktop\enoch-shopping\.venv\Lib\site-packages\django\urls\base.py", line 88, in reverse
    return resolver._reverse_with_prefix(view, prefix, *args, **kwargs)
           ^^^^^^^^^^^^^^^^^^^^^^^^^^^^^^^^^^^^^^^^^^^^^^^^^^^^^^^^^^^^
  File "C:\Users\hp\OneDrive\Desktop\enoch-shopping\.venv\Lib\site-packages\django\urls\resolvers.py", line 831, in _reverse_with_prefix
    raise NoReverseMatch(msg)
django.urls.exceptions.NoReverseMatch: Reverse for 'redeem_loyalty_points' not found. 'redeem_loyalty_points' is not a valid view function or pattern name.
"GET /product/6/ HTTP/1.1" 500 154419
"GET /static/css/styles.css HTTP/1.1" 404 1969
"GET /static/images/profile.jpg HTTP/1.1" 404 1981
"GET /static/css/styles.css HTTP/1.1" 404 1969
Internal Server Error: /redeem-loyalty-points/
Traceback (most recent call last):
  File "C:\Users\hp\OneDrive\Desktop\enoch-shopping\.venv\Lib\site-packages\django\db\backends\utils.py", line 105, in _execute
    return self.cursor.execute(sql, params)
           ^^^^^^^^^^^^^^^^^^^^^^^^^^^^^^^^
  File "C:\Users\hp\OneDrive\Desktop\enoch-shopping\.venv\Lib\site-packages\django\db\backends\sqlite3\base.py", line 354, in execute
    return super().execute(query, params)
           ^^^^^^^^^^^^^^^^^^^^^^^^^^^^^^
sqlite3.OperationalError: no such table: shop_userpoints

The above exception was the direct cause of the following exception:

Traceback (most recent call last):
  File "C:\Users\hp\OneDrive\Desktop\enoch-shopping\.venv\Lib\site-packages\django\core\handlers\exception.py", line 55, in inner
    response = get_response(request)
               ^^^^^^^^^^^^^^^^^^^^^
  File "C:\Users\hp\OneDrive\Desktop\enoch-shopping\.venv\Lib\site-packages\django\core\handlers\base.py", line 197, in _get_response
    response = wrapped_callback(request, *callback_args, **callback_kwargs)
               ^^^^^^^^^^^^^^^^^^^^^^^^^^^^^^^^^^^^^^^^^^^^^^^^^^^^^^^^^^^^
  File "C:\Users\hp\OneDrive\Desktop\enoch-shopping\shop\views.py", line 2603, in redeem_loyalty_points_view
    user_points = UserPoints.objects.filter(user=request.user).first()
                  ^^^^^^^^^^^^^^^^^^^^^^^^^^^^^^^^^^^^^^^^^^^^^^^^^^^^
  File "C:\Users\hp\OneDrive\Desktop\enoch-shopping\.venv\Lib\site-packages\django\db\models\query.py", line 1097, in first
    for obj in queryset[:1]:
  File "C:\Users\hp\OneDrive\Desktop\enoch-shopping\.venv\Lib\site-packages\django\db\models\query.py", line 400, in __iter__
    self._fetch_all()
  File "C:\Users\hp\OneDrive\Desktop\enoch-shopping\.venv\Lib\site-packages\django\db\models\query.py", line 1928, in _fetch_all
    self._result_cache = list(self._iterable_class(self))
                         ^^^^^^^^^^^^^^^^^^^^^^^^^^^^^^^^
  File "C:\Users\hp\OneDrive\Desktop\enoch-shopping\.venv\Lib\site-packages\django\db\models\query.py", line 91, in __iter__
    results = compiler.execute_sql(
              ^^^^^^^^^^^^^^^^^^^^^
  File "C:\Users\hp\OneDrive\Desktop\enoch-shopping\.venv\Lib\site-packages\django\db\models\sql\compiler.py", line 1574, in execute_sql
    cursor.execute(sql, params)
  File "C:\Users\hp\OneDrive\Desktop\enoch-shopping\.venv\Lib\site-packages\django\db\backends\utils.py", line 122, in execute
    return super().execute(sql, params)
           ^^^^^^^^^^^^^^^^^^^^^^^^^^^^
  File "C:\Users\hp\OneDrive\Desktop\enoch-shopping\.venv\Lib\site-packages\django\db\backends\utils.py", line 79, in execute
    return self._execute_with_wrappers(
           ^^^^^^^^^^^^^^^^^^^^^^^^^^^^
  File "C:\Users\hp\OneDrive\Desktop\enoch-shopping\.venv\Lib\site-packages\django\db\backends\utils.py", line 92, in _execute_with_wrappers
    return executor(sql, params, many, context)
           ^^^^^^^^^^^^^^^^^^^^^^^^^^^^^^^^^^^^
  File "C:\Users\hp\OneDrive\Desktop\enoch-shopping\.venv\Lib\site-packages\django\db\backends\utils.py", line 100, in _execute
    with self.db.wrap_database_errors:
  File "C:\Users\hp\OneDrive\Desktop\enoch-shopping\.venv\Lib\site-packages\django\db\utils.py", line 91, in __exit__
    raise dj_exc_value.with_traceback(traceback) from exc_value
  File "C:\Users\hp\OneDrive\Desktop\enoch-shopping\.venv\Lib\site-packages\django\db\backends\utils.py", line 105, in _execute
    return self.cursor.execute(sql, params)
           ^^^^^^^^^^^^^^^^^^^^^^^^^^^^^^^^
  File "C:\Users\hp\OneDrive\Desktop\enoch-shopping\.venv\Lib\site-packages\django\db\backends\sqlite3\base.py", line 354, in execute
    return super().execute(query, params)
           ^^^^^^^^^^^^^^^^^^^^^^^^^^^^^^
django.db.utils.OperationalError: no such table: shop_userpoints
"GET /redeem-loyalty-points/ HTTP/1.1" 500 131335
Internal Server Error: /redeem-loyalty-points/
Traceback (most recent call last):
  File "C:\Users\hp\OneDrive\Desktop\enoch-shopping\.venv\Lib\site-packages\django\core\handlers\exception.py", line 55, in inner
    response = get_response(request)
               ^^^^^^^^^^^^^^^^^^^^^
  File "C:\Users\hp\OneDrive\Desktop\enoch-shopping\.venv\Lib\site-packages\django\core\handlers\base.py", line 197, in _get_response
    response = wrapped_callback(request, *callback_args, **callback_kwargs)
               ^^^^^^^^^^^^^^^^^^^^^^^^^^^^^^^^^^^^^^^^^^^^^^^^^^^^^^^^^^^^
  File "C:\Users\hp\OneDrive\Desktop\enoch-shopping\shop\views.py", line 2605, in redeem_loyalty_points_view
    return render(request, 'shop/redeem_loyalty_points.html', {'user_points': user_points, 'messages': messages.get_messages(request)})
           ^^^^^^^^^^^^^^^^^^^^^^^^^^^^^^^^^^^^^^^^^^^^^^^^^^^^^^^^^^^^^^^^^^^^^^^^^^^^^^^^^^^^^^^^^^^^^^^^^^^^^^^^^^^^^^^^^^^^^^^^^^^^
  File "C:\Users\hp\OneDrive\Desktop\enoch-shopping\.venv\Lib\site-packages\django\shortcuts.py", line 25, in render
    content = loader.render_to_string(template_name, context, request, using=using)
              ^^^^^^^^^^^^^^^^^^^^^^^^^^^^^^^^^^^^^^^^^^^^^^^^^^^^^^^^^^^^^^^^^^^^^
  File "C:\Users\hp\OneDrive\Desktop\enoch-shopping\.venv\Lib\site-packages\django\template\loader.py", line 61, in render_to_string
    template = get_template(template_name, using=using)
               ^^^^^^^^^^^^^^^^^^^^^^^^^^^^^^^^^^^^^^^^
  File "C:\Users\hp\OneDrive\Desktop\enoch-shopping\.venv\Lib\site-packages\django\template\loader.py", line 19, in get_template
    raise TemplateDoesNotExist(template_name, chain=chain)
django.template.exceptions.TemplateDoesNotExist: shop/redeem_loyalty_points.html
"GET /redeem-loyalty-points/ HTTP/1.1" 500 83954
"GET /static/images/profile.jpg HTTP/1.1" 404 1981
"GET /static/css/styles.css HTTP/1.1" 404 1969
Internal Server Error: /loyalty-points/
Traceback (most recent call last):
  File "C:\Users\hp\OneDrive\Desktop\enoch-shopping\.venv\Lib\site-packages\django\core\handlers\exception.py", line 55, in inner
    response = get_response(request)
               ^^^^^^^^^^^^^^^^^^^^^
  File "C:\Users\hp\OneDrive\Desktop\enoch-shopping\.venv\Lib\site-packages\django\core\handlers\base.py", line 197, in _get_response
    response = wrapped_callback(request, *callback_args, **callback_kwargs)
               ^^^^^^^^^^^^^^^^^^^^^^^^^^^^^^^^^^^^^^^^^^^^^^^^^^^^^^^^^^^^
  File "C:\Users\hp\OneDrive\Desktop\enoch-shopping\.venv\Lib\site-packages\django\contrib\auth\decorators.py", line 60, in _view_wrapper
    return view_func(request, *args, **kwargs)
           ^^^^^^^^^^^^^^^^^^^^^^^^^^^^^^^^^^^
  File "C:\Users\hp\OneDrive\Desktop\enoch-shopping\shop\views.py", line 2184, in loyalty_points_list
    return render(request, 'shop/loyalty_points_list.html', {
           ^^^^^^^^^^^^^^^^^^^^^^^^^^^^^^^^^^^^^^^^^^^^^^^^^^
  File "C:\Users\hp\OneDrive\Desktop\enoch-shopping\.venv\Lib\site-packages\django\shortcuts.py", line 25, in render
    content = loader.render_to_string(template_name, context, request, using=using)
              ^^^^^^^^^^^^^^^^^^^^^^^^^^^^^^^^^^^^^^^^^^^^^^^^^^^^^^^^^^^^^^^^^^^^^
  File "C:\Users\hp\OneDrive\Desktop\enoch-shopping\.venv\Lib\site-packages\django\template\loader.py", line 62, in render_to_string
    return template.render(context, request)
           ^^^^^^^^^^^^^^^^^^^^^^^^^^^^^^^^^
  File "C:\Users\hp\OneDrive\Desktop\enoch-shopping\.venv\Lib\site-packages\django\template\backends\django.py", line 107, in render
    return self.template.render(context)
           ^^^^^^^^^^^^^^^^^^^^^^^^^^^^^
  File "C:\Users\hp\OneDrive\Desktop\enoch-shopping\.venv\Lib\site-packages\django\template\base.py", line 171, in render
    return self._render(context)
           ^^^^^^^^^^^^^^^^^^^^^
  File "C:\Users\hp\OneDrive\Desktop\enoch-shopping\.venv\Lib\site-packages\django\template\base.py", line 163, in _render
    return self.nodelist.render(context)
           ^^^^^^^^^^^^^^^^^^^^^^^^^^^^^
  File "C:\Users\hp\OneDrive\Desktop\enoch-shopping\.venv\Lib\site-packages\django\template\base.py", line 1008, in render
    return SafeString("".join([node.render_annotated(context) for node in self]))
                               ^^^^^^^^^^^^^^^^^^^^^^^^^^^^^^
  File "C:\Users\hp\OneDrive\Desktop\enoch-shopping\.venv\Lib\site-packages\django\template\base.py", line 969, in render_annotated
    return self.render(context)
           ^^^^^^^^^^^^^^^^^^^^
  File "C:\Users\hp\OneDrive\Desktop\enoch-shopping\.venv\Lib\site-packages\django\template\loader_tags.py", line 159, in render
    return compiled_parent._render(context)
           ^^^^^^^^^^^^^^^^^^^^^^^^^^^^^^^^
  File "C:\Users\hp\OneDrive\Desktop\enoch-shopping\.venv\Lib\site-packages\django\template\base.py", line 163, in _render
    return self.nodelist.render(context)
           ^^^^^^^^^^^^^^^^^^^^^^^^^^^^^
  File "C:\Users\hp\OneDrive\Desktop\enoch-shopping\.venv\Lib\site-packages\django\template\base.py", line 1008, in render
    return SafeString("".join([node.render_annotated(context) for node in self]))
                               ^^^^^^^^^^^^^^^^^^^^^^^^^^^^^^
  File "C:\Users\hp\OneDrive\Desktop\enoch-shopping\.venv\Lib\site-packages\django\template\base.py", line 969, in render_annotated
    return self.render(context)
           ^^^^^^^^^^^^^^^^^^^^
  File "C:\Users\hp\OneDrive\Desktop\enoch-shopping\.venv\Lib\site-packages\django\template\loader_tags.py", line 65, in render
    result = block.nodelist.render(context)
             ^^^^^^^^^^^^^^^^^^^^^^^^^^^^^^
  File "C:\Users\hp\OneDrive\Desktop\enoch-shopping\.venv\Lib\site-packages\django\template\base.py", line 1008, in render
    return SafeString("".join([node.render_annotated(context) for node in self]))
                               ^^^^^^^^^^^^^^^^^^^^^^^^^^^^^^
  File "C:\Users\hp\OneDrive\Desktop\enoch-shopping\.venv\Lib\site-packages\django\template\base.py", line 969, in render_annotated
    return self.render(context)
           ^^^^^^^^^^^^^^^^^^^^
  File "C:\Users\hp\OneDrive\Desktop\enoch-shopping\.venv\Lib\site-packages\django\template\defaulttags.py", line 480, in render
    url = reverse(view_name, args=args, kwargs=kwargs, current_app=current_app)
          ^^^^^^^^^^^^^^^^^^^^^^^^^^^^^^^^^^^^^^^^^^^^^^^^^^^^^^^^^^^^^^^^^^^^^
  File "C:\Users\hp\OneDrive\Desktop\enoch-shopping\.venv\Lib\site-packages\django\urls\base.py", line 88, in reverse
    return resolver._reverse_with_prefix(view, prefix, *args, **kwargs)
           ^^^^^^^^^^^^^^^^^^^^^^^^^^^^^^^^^^^^^^^^^^^^^^^^^^^^^^^^^^^^
  File "C:\Users\hp\OneDrive\Desktop\enoch-shopping\.venv\Lib\site-packages\django\urls\resolvers.py", line 831, in _reverse_with_prefix
    raise NoReverseMatch(msg)
django.urls.exceptions.NoReverseMatch: Reverse for 'loyalty_terms' not found. 'loyalty_terms' is not a valid view function or pattern name.
"GET /loyalty-points/ HTTP/1.1" 500 159522
"GET /static/css/styles.css HTTP/1.1" 404 1969
"GET /static/images/profile.jpg HTTP/1.1" 404 1981
Internal Server Error: /redeem-points/
Traceback (most recent call last):
  File "C:\Users\hp\OneDrive\Desktop\enoch-shopping\.venv\Lib\site-packages\django\core\handlers\exception.py", line 55, in inner
    response = get_response(request)
               ^^^^^^^^^^^^^^^^^^^^^
  File "C:\Users\hp\OneDrive\Desktop\enoch-shopping\.venv\Lib\site-packages\django\core\handlers\base.py", line 197, in _get_response
    response = wrapped_callback(request, *callback_args, **callback_kwargs)
               ^^^^^^^^^^^^^^^^^^^^^^^^^^^^^^^^^^^^^^^^^^^^^^^^^^^^^^^^^^^^
  File "C:\Users\hp\OneDrive\Desktop\enoch-shopping\shop\views.py", line 942, in redeem_points_view
    return render(request, 'shop/redeem_points.html', context)
           ^^^^^^^^^^^^^^^^^^^^^^^^^^^^^^^^^^^^^^^^^^^^^^^^^^^
  File "C:\Users\hp\OneDrive\Desktop\enoch-shopping\.venv\Lib\site-packages\django\shortcuts.py", line 25, in render
    content = loader.render_to_string(template_name, context, request, using=using)
              ^^^^^^^^^^^^^^^^^^^^^^^^^^^^^^^^^^^^^^^^^^^^^^^^^^^^^^^^^^^^^^^^^^^^^
  File "C:\Users\hp\OneDrive\Desktop\enoch-shopping\.venv\Lib\site-packages\django\template\loader.py", line 61, in render_to_string
    template = get_template(template_name, using=using)
               ^^^^^^^^^^^^^^^^^^^^^^^^^^^^^^^^^^^^^^^^
  File "C:\Users\hp\OneDrive\Desktop\enoch-shopping\.venv\Lib\site-packages\django\template\loader.py", line 19, in get_template
    raise TemplateDoesNotExist(template_name, chain=chain)
django.template.exceptions.TemplateDoesNotExist: shop/redeem_points.html
"GET /redeem-points/ HTTP/1.1" 500 83766
Internal Server Error: /redeem-points/
Traceback (most recent call last):
  File "C:\Users\hp\OneDrive\Desktop\enoch-shopping\.venv\Lib\site-packages\django\core\handlers\exception.py", line 55, in inner
    response = get_response(request)
               ^^^^^^^^^^^^^^^^^^^^^
  File "C:\Users\hp\OneDrive\Desktop\enoch-shopping\.venv\Lib\site-packages\django\core\handlers\base.py", line 197, in _get_response
    response = wrapped_callback(request, *callback_args, **callback_kwargs)
               ^^^^^^^^^^^^^^^^^^^^^^^^^^^^^^^^^^^^^^^^^^^^^^^^^^^^^^^^^^^^
  File "C:\Users\hp\OneDrive\Desktop\enoch-shopping\shop\views.py", line 942, in redeem_points_view
    return render(request, 'shop/redeem_points.html', context)
           ^^^^^^^^^^^^^^^^^^^^^^^^^^^^^^^^^^^^^^^^^^^^^^^^^^^
  File "C:\Users\hp\OneDrive\Desktop\enoch-shopping\.venv\Lib\site-packages\django\shortcuts.py", line 25, in render
    content = loader.render_to_string(template_name, context, request, using=using)
              ^^^^^^^^^^^^^^^^^^^^^^^^^^^^^^^^^^^^^^^^^^^^^^^^^^^^^^^^^^^^^^^^^^^^^
  File "C:\Users\hp\OneDrive\Desktop\enoch-shopping\.venv\Lib\site-packages\django\template\loader.py", line 61, in render_to_string
    template = get_template(template_name, using=using)
               ^^^^^^^^^^^^^^^^^^^^^^^^^^^^^^^^^^^^^^^^
  File "C:\Users\hp\OneDrive\Desktop\enoch-shopping\.venv\Lib\site-packages\django\template\loader.py", line 19, in get_template
    raise TemplateDoesNotExist(template_name, chain=chain)
django.template.exceptions.TemplateDoesNotExist: shop/redeem_points.html
"GET /redeem-points/ HTTP/1.1" 500 83903
Internal Server Error: /redeem-points/
Traceback (most recent call last):
  File "C:\Users\hp\OneDrive\Desktop\enoch-shopping\.venv\Lib\site-packages\django\core\handlers\exception.py", line 55, in inner
    response = get_response(request)
               ^^^^^^^^^^^^^^^^^^^^^
  File "C:\Users\hp\OneDrive\Desktop\enoch-shopping\.venv\Lib\site-packages\django\core\handlers\base.py", line 197, in _get_response
    response = wrapped_callback(request, *callback_args, **callback_kwargs)
               ^^^^^^^^^^^^^^^^^^^^^^^^^^^^^^^^^^^^^^^^^^^^^^^^^^^^^^^^^^^^
  File "C:\Users\hp\OneDrive\Desktop\enoch-shopping\shop\views.py", line 942, in redeem_points_view
    return render(request, 'shop/redeem_points.html', context)
           ^^^^^^^^^^^^^^^^^^^^^^^^^^^^^^^^^^^^^^^^^^^^^^^^^^^
  File "C:\Users\hp\OneDrive\Desktop\enoch-shopping\.venv\Lib\site-packages\django\shortcuts.py", line 25, in render
    content = loader.render_to_string(template_name, context, request, using=using)
              ^^^^^^^^^^^^^^^^^^^^^^^^^^^^^^^^^^^^^^^^^^^^^^^^^^^^^^^^^^^^^^^^^^^^^
  File "C:\Users\hp\OneDrive\Desktop\enoch-shopping\.venv\Lib\site-packages\django\template\loader.py", line 61, in render_to_string
    template = get_template(template_name, using=using)
               ^^^^^^^^^^^^^^^^^^^^^^^^^^^^^^^^^^^^^^^^
  File "C:\Users\hp\OneDrive\Desktop\enoch-shopping\.venv\Lib\site-packages\django\template\loader.py", line 19, in get_template
    raise TemplateDoesNotExist(template_name, chain=chain)
django.template.exceptions.TemplateDoesNotExist: shop/redeem_points.html
"GET /redeem-points/ HTTP/1.1" 500 83903
Internal Server Error: /redeem-points/
Traceback (most recent call last):
  File "C:\Users\hp\OneDrive\Desktop\enoch-shopping\.venv\Lib\site-packages\django\core\handlers\exception.py", line 55, in inner
    response = get_response(request)
               ^^^^^^^^^^^^^^^^^^^^^
  File "C:\Users\hp\OneDrive\Desktop\enoch-shopping\.venv\Lib\site-packages\django\core\handlers\base.py", line 197, in _get_response
    response = wrapped_callback(request, *callback_args, **callback_kwargs)
               ^^^^^^^^^^^^^^^^^^^^^^^^^^^^^^^^^^^^^^^^^^^^^^^^^^^^^^^^^^^^
  File "C:\Users\hp\OneDrive\Desktop\enoch-shopping\shop\views.py", line 942, in redeem_points_view
    return render(request, 'shop/redeem_points.html', context)
           ^^^^^^^^^^^^^^^^^^^^^^^^^^^^^^^^^^^^^^^^^^^^^^^^^^^
  File "C:\Users\hp\OneDrive\Desktop\enoch-shopping\.venv\Lib\site-packages\django\shortcuts.py", line 25, in render
    content = loader.render_to_string(template_name, context, request, using=using)
              ^^^^^^^^^^^^^^^^^^^^^^^^^^^^^^^^^^^^^^^^^^^^^^^^^^^^^^^^^^^^^^^^^^^^^
  File "C:\Users\hp\OneDrive\Desktop\enoch-shopping\.venv\Lib\site-packages\django\template\loader.py", line 61, in render_to_string
    template = get_template(template_name, using=using)
               ^^^^^^^^^^^^^^^^^^^^^^^^^^^^^^^^^^^^^^^^
  File "C:\Users\hp\OneDrive\Desktop\enoch-shopping\.venv\Lib\site-packages\django\template\loader.py", line 19, in get_template
    raise TemplateDoesNotExist(template_name, chain=chain)
django.template.exceptions.TemplateDoesNotExist: shop/redeem_points.html
"GET /redeem-points/ HTTP/1.1" 500 83903
Internal Server Error: /redeem-points/
Traceback (most recent call last):
  File "C:\Users\hp\OneDrive\Desktop\enoch-shopping\.venv\Lib\site-packages\django\core\handlers\exception.py", line 55, in inner
    response = get_response(request)
               ^^^^^^^^^^^^^^^^^^^^^
  File "C:\Users\hp\OneDrive\Desktop\enoch-shopping\.venv\Lib\site-packages\django\core\handlers\base.py", line 197, in _get_response
    response = wrapped_callback(request, *callback_args, **callback_kwargs)
               ^^^^^^^^^^^^^^^^^^^^^^^^^^^^^^^^^^^^^^^^^^^^^^^^^^^^^^^^^^^^
  File "C:\Users\hp\OneDrive\Desktop\enoch-shopping\shop\views.py", line 942, in redeem_points_view
    return render(request, 'shop/redeem_points.html', context)
           ^^^^^^^^^^^^^^^^^^^^^^^^^^^^^^^^^^^^^^^^^^^^^^^^^^^
  File "C:\Users\hp\OneDrive\Desktop\enoch-shopping\.venv\Lib\site-packages\django\shortcuts.py", line 25, in render
    content = loader.render_to_string(template_name, context, request, using=using)
              ^^^^^^^^^^^^^^^^^^^^^^^^^^^^^^^^^^^^^^^^^^^^^^^^^^^^^^^^^^^^^^^^^^^^^
  File "C:\Users\hp\OneDrive\Desktop\enoch-shopping\.venv\Lib\site-packages\django\template\loader.py", line 61, in render_to_string
    template = get_template(template_name, using=using)
               ^^^^^^^^^^^^^^^^^^^^^^^^^^^^^^^^^^^^^^^^
  File "C:\Users\hp\OneDrive\Desktop\enoch-shopping\.venv\Lib\site-packages\django\template\loader.py", line 19, in get_template
    raise TemplateDoesNotExist(template_name, chain=chain)
django.template.exceptions.TemplateDoesNotExist: shop/redeem_points.html
"GET /redeem-points/ HTTP/1.1" 500 83903
Internal Server Error: /redeem-points/
Traceback (most recent call last):
  File "C:\Users\hp\OneDrive\Desktop\enoch-shopping\.venv\Lib\site-packages\django\core\handlers\exception.py", line 55, in inner
    response = get_response(request)
               ^^^^^^^^^^^^^^^^^^^^^
  File "C:\Users\hp\OneDrive\Desktop\enoch-shopping\.venv\Lib\site-packages\django\core\handlers\base.py", line 197, in _get_response
    response = wrapped_callback(request, *callback_args, **callback_kwargs)
               ^^^^^^^^^^^^^^^^^^^^^^^^^^^^^^^^^^^^^^^^^^^^^^^^^^^^^^^^^^^^
  File "C:\Users\hp\OneDrive\Desktop\enoch-shopping\shop\views.py", line 942, in redeem_points_view
    return render(request, 'shop/redeem_points.html', context)
           ^^^^^^^^^^^^^^^^^^^^^^^^^^^^^^^^^^^^^^^^^^^^^^^^^^^
  File "C:\Users\hp\OneDrive\Desktop\enoch-shopping\.venv\Lib\site-packages\django\shortcuts.py", line 25, in render
    content = loader.render_to_string(template_name, context, request, using=using)
              ^^^^^^^^^^^^^^^^^^^^^^^^^^^^^^^^^^^^^^^^^^^^^^^^^^^^^^^^^^^^^^^^^^^^^
  File "C:\Users\hp\OneDrive\Desktop\enoch-shopping\.venv\Lib\site-packages\django\template\loader.py", line 61, in render_to_string
    template = get_template(template_name, using=using)
               ^^^^^^^^^^^^^^^^^^^^^^^^^^^^^^^^^^^^^^^^
  File "C:\Users\hp\OneDrive\Desktop\enoch-shopping\.venv\Lib\site-packages\django\template\loader.py", line 19, in get_template
    raise TemplateDoesNotExist(template_name, chain=chain)
django.template.exceptions.TemplateDoesNotExist: shop/redeem_points.html
"GET /redeem-points/ HTTP/1.1" 500 83903
Internal Server Error: /redeem-points/
Traceback (most recent call last):
  File "C:\Users\hp\OneDrive\Desktop\enoch-shopping\.venv\Lib\site-packages\django\core\handlers\exception.py", line 55, in inner
    response = get_response(request)
               ^^^^^^^^^^^^^^^^^^^^^
  File "C:\Users\hp\OneDrive\Desktop\enoch-shopping\.venv\Lib\site-packages\django\core\handlers\base.py", line 197, in _get_response
    response = wrapped_callback(request, *callback_args, **callback_kwargs)
               ^^^^^^^^^^^^^^^^^^^^^^^^^^^^^^^^^^^^^^^^^^^^^^^^^^^^^^^^^^^^
  File "C:\Users\hp\OneDrive\Desktop\enoch-shopping\.venv\Lib\site-packages\django\contrib\auth\decorators.py", line 60, in _view_wrapper
    return view_func(request, *args, **kwargs)
           ^^^^^^^^^^^^^^^^^^^^^^^^^^^^^^^^^^^
  File "C:\Users\hp\OneDrive\Desktop\enoch-shopping\shop\views.py", line 914, in redeem_points_view
    return render(request, 'shop/redeem_points.html', {'user_points': user_points})
           ^^^^^^^^^^^^^^^^^^^^^^^^^^^^^^^^^^^^^^^^^^^^^^^^^^^^^^^^^^^^^^^^^^^^^^^^
  File "C:\Users\hp\OneDrive\Desktop\enoch-shopping\.venv\Lib\site-packages\django\shortcuts.py", line 25, in render
    content = loader.render_to_string(template_name, context, request, using=using)
              ^^^^^^^^^^^^^^^^^^^^^^^^^^^^^^^^^^^^^^^^^^^^^^^^^^^^^^^^^^^^^^^^^^^^^
  File "C:\Users\hp\OneDrive\Desktop\enoch-shopping\.venv\Lib\site-packages\django\template\loader.py", line 61, in render_to_string
    template = get_template(template_name, using=using)
               ^^^^^^^^^^^^^^^^^^^^^^^^^^^^^^^^^^^^^^^^
  File "C:\Users\hp\OneDrive\Desktop\enoch-shopping\.venv\Lib\site-packages\django\template\loader.py", line 19, in get_template
    raise TemplateDoesNotExist(template_name, chain=chain)
django.template.exceptions.TemplateDoesNotExist: shop/redeem_points.html
"GET /redeem-points/ HTTP/1.1" 500 88935
Internal Server Error: /redeem-points/
Traceback (most recent call last):
  File "C:\Users\hp\OneDrive\Desktop\enoch-shopping\.venv\Lib\site-packages\django\core\handlers\exception.py", line 55, in inner
    response = get_response(request)
               ^^^^^^^^^^^^^^^^^^^^^
  File "C:\Users\hp\OneDrive\Desktop\enoch-shopping\.venv\Lib\site-packages\django\core\handlers\base.py", line 197, in _get_response
    response = wrapped_callback(request, *callback_args, **callback_kwargs)
               ^^^^^^^^^^^^^^^^^^^^^^^^^^^^^^^^^^^^^^^^^^^^^^^^^^^^^^^^^^^^
  File "C:\Users\hp\OneDrive\Desktop\enoch-shopping\.venv\Lib\site-packages\django\contrib\auth\decorators.py", line 60, in _view_wrapper
    return view_func(request, *args, **kwargs)
           ^^^^^^^^^^^^^^^^^^^^^^^^^^^^^^^^^^^
  File "C:\Users\hp\OneDrive\Desktop\enoch-shopping\shop\views.py", line 914, in redeem_points_view
    return render(request, 'shop/redeem_loyalty_points.html', {'user_points': user_points})
           ^^^^^^^^^^^^^^^^^^^^^^^^^^^^^^^^^^^^^^^^^^^^^^^^^^^^^^^^^^^^^^^^^^^^^^^^^^^^^^^
  File "C:\Users\hp\OneDrive\Desktop\enoch-shopping\.venv\Lib\site-packages\django\shortcuts.py", line 25, in render
    content = loader.render_to_string(template_name, context, request, using=using)
              ^^^^^^^^^^^^^^^^^^^^^^^^^^^^^^^^^^^^^^^^^^^^^^^^^^^^^^^^^^^^^^^^^^^^^
  File "C:\Users\hp\OneDrive\Desktop\enoch-shopping\.venv\Lib\site-packages\django\template\loader.py", line 61, in render_to_string
    template = get_template(template_name, using=using)
               ^^^^^^^^^^^^^^^^^^^^^^^^^^^^^^^^^^^^^^^^
  File "C:\Users\hp\OneDrive\Desktop\enoch-shopping\.venv\Lib\site-packages\django\template\loader.py", line 19, in get_template
    raise TemplateDoesNotExist(template_name, chain=chain)
django.template.exceptions.TemplateDoesNotExist: shop/redeem_loyaltypoints.html
"GET /redeem-points/ HTTP/1.1" 500 89174
Internal Server Error: /redeem-points/
Traceback (most recent call last):
  File "C:\Users\hp\OneDrive\Desktop\enoch-shopping\.venv\Lib\site-packages\django\core\handlers\exception.py", line 55, in inner
    response = get_response(request)
               ^^^^^^^^^^^^^^^^^^^^^
  File "C:\Users\hp\OneDrive\Desktop\enoch-shopping\.venv\Lib\site-packages\django\core\handlers\base.py", line 197, in _get_response
    response = wrapped_callback(request, *callback_args, **callback_kwargs)
               ^^^^^^^^^^^^^^^^^^^^^^^^^^^^^^^^^^^^^^^^^^^^^^^^^^^^^^^^^^^^
  File "C:\Users\hp\OneDrive\Desktop\enoch-shopping\.venv\Lib\site-packages\django\contrib\auth\decorators.py", line 60, in _view_wrapper
    return view_func(request, *args, **kwargs)
           ^^^^^^^^^^^^^^^^^^^^^^^^^^^^^^^^^^^
  File "C:\Users\hp\OneDrive\Desktop\enoch-shopping\shop\views.py", line 914, in redeem_points_view
    return render(request, 'shop/redeem_loyalty_points.html', {'user_points': user_points})
           ^^^^^^^^^^^^^^^^^^^^^^^^^^^^^^^^^^^^^^^^^^^^^^^^^^^^^^^^^^^^^^^^^^^^^^^^^^^^^^^
  File "C:\Users\hp\OneDrive\Desktop\enoch-shopping\.venv\Lib\site-packages\django\shortcuts.py", line 25, in render
    content = loader.render_to_string(template_name, context, request, using=using)
              ^^^^^^^^^^^^^^^^^^^^^^^^^^^^^^^^^^^^^^^^^^^^^^^^^^^^^^^^^^^^^^^^^^^^^
  File "C:\Users\hp\OneDrive\Desktop\enoch-shopping\.venv\Lib\site-packages\django\template\loader.py", line 61, in render_to_string
    template = get_template(template_name, using=using)
               ^^^^^^^^^^^^^^^^^^^^^^^^^^^^^^^^^^^^^^^^
  File "C:\Users\hp\OneDrive\Desktop\enoch-shopping\.venv\Lib\site-packages\django\template\loader.py", line 19, in get_template
    raise TemplateDoesNotExist(template_name, chain=chain)
django.template.exceptions.TemplateDoesNotExist: shop/redeem_loyaltypoints.html
"GET /redeem-points/ HTTP/1.1" 500 89174
"GET /static/css/styles.css HTTP/1.1" 404 1969
"GET /static/images/profile.jpg HTTP/1.1" 404 1981
"GET /static/images/profile.jpg HTTP/1.1" 404 1981
"GET /static/css/styles.css HTTP/1.1" 404 1969
Internal Server Error: /loyalty-terms/
Traceback (most recent call last):
  File "C:\Users\hp\OneDrive\Desktop\enoch-shopping\.venv\Lib\site-packages\django\core\handlers\exception.py", line 55, in inner
    response = get_response(request)
               ^^^^^^^^^^^^^^^^^^^^^
  File "C:\Users\hp\OneDrive\Desktop\enoch-shopping\.venv\Lib\site-packages\django\core\handlers\base.py", line 197, in _get_response
    response = wrapped_callback(request, *callback_args, **callback_kwargs)
               ^^^^^^^^^^^^^^^^^^^^^^^^^^^^^^^^^^^^^^^^^^^^^^^^^^^^^^^^^^^^
  File "C:\Users\hp\OneDrive\Desktop\enoch-shopping\shop\views.py", line 2589, in loyalty_terms_view
    return render(request, 'shop/loyalty_terms.html')
           ^^^^^^^^^^^^^^^^^^^^^^^^^^^^^^^^^^^^^^^^^^
  File "C:\Users\hp\OneDrive\Desktop\enoch-shopping\.venv\Lib\site-packages\django\shortcuts.py", line 25, in render
    content = loader.render_to_string(template_name, context, request, using=using)
              ^^^^^^^^^^^^^^^^^^^^^^^^^^^^^^^^^^^^^^^^^^^^^^^^^^^^^^^^^^^^^^^^^^^^^
  File "C:\Users\hp\OneDrive\Desktop\enoch-shopping\.venv\Lib\site-packages\django\template\loader.py", line 61, in render_to_string
    template = get_template(template_name, using=using)
               ^^^^^^^^^^^^^^^^^^^^^^^^^^^^^^^^^^^^^^^^
  File "C:\Users\hp\OneDrive\Desktop\enoch-shopping\.venv\Lib\site-packages\django\template\loader.py", line 19, in get_template
    raise TemplateDoesNotExist(template_name, chain=chain)
django.template.exceptions.TemplateDoesNotExist: shop/loyalty_terms.html
"GET /loyalty-terms/ HTTP/1.1" 500 82263
"GET /static/css/styles.css HTTP/1.1" 404 1969
"GET /static/images/profile.jpg HTTP/1.1" 404 1981
"GET /static/css/styles.css HTTP/1.1" 404 1969
"GET /static/images/profile.jpg HTTP/1.1" 404 1981
"GET /static/css/styles.css HTTP/1.1" 404 1969
"GET /static/images/profile.jpg HTTP/1.1" 404 1981
"GET /static/css/styles.css HTTP/1.1" 404 1969
"GET /static/images/profile.jpg HTTP/1.1" 404 1981
"GET /static/css/styles.css HTTP/1.1" 404 1969
"GET /static/images/profile.jpg HTTP/1.1" 404 1981
"GET /static/css/styles.css HTTP/1.1" 404 1969
"GET /static/images/profile.jpg HTTP/1.1" 404 1981
"GET /static/images/profile.jpg HTTP/1.1" 404 1981
"GET /static/css/styles.css HTTP/1.1" 404 1969
"GET /static/images/profile.jpg HTTP/1.1" 404 1981
"GET /static/css/styles.css HTTP/1.1" 404 1969
"GET /static/images/profile.jpg HTTP/1.1" 404 1981
"GET /static/css/styles.css HTTP/1.1" 404 1969
"GET /static/css/styles.css HTTP/1.1" 404 1969
"GET /static/images/profile.jpg HTTP/1.1" 404 1981
Method Not Allowed (POST): /track-order/
Method Not Allowed: /track-order/
"POST /track-order/ HTTP/1.1" 405 0
Method Not Allowed (POST): /returns/
Method Not Allowed: /returns/
"POST /returns/ HTTP/1.1" 405 0
"GET /static/css/styles.css HTTP/1.1" 404 1969
"GET /static/images/profile.jpg HTTP/1.1" 404 1981
"GET /static/css/styles.css HTTP/1.1" 404 1969
"GET /static/images/profile.jpg HTTP/1.1" 404 1981
"GET /static/css/styles.css HTTP/1.1" 404 1969
"GET /static/images/profile.jpg HTTP/1.1" 404 1981
"GET /static/css/styles.css HTTP/1.1" 404 1969
"GET /static/images/profile.jpg HTTP/1.1" 404 1981
"GET /static/css/styles.css HTTP/1.1" 404 1969
"GET /static/images/profile.jpg HTTP/1.1" 404 1981
"GET /static/images/profile.jpg HTTP/1.1" 404 1981
"GET /static/css/styles.css HTTP/1.1" 404 1969
"GET /static/css/styles.css HTTP/1.1" 404 1969
"GET /static/images/profile.jpg HTTP/1.1" 404 1981
"GET /static/css/styles.css HTTP/1.1" 404 1969
"GET /static/images/profile.jpg HTTP/1.1" 404 1981
"GET /static/images/profile.jpg HTTP/1.1" 404 1981
"GET /static/css/styles.css HTTP/1.1" 404 1969
"GET /static/css/styles.css HTTP/1.1" 404 1969
"GET /static/images/profile.jpg HTTP/1.1" 404 1981
Internal Server Error: /feedback/
Traceback (most recent call last):
  File "C:\Users\hp\OneDrive\Desktop\enoch-shopping\.venv\Lib\site-packages\django\core\handlers\exception.py", line 55, in inner
    response = get_response(request)
               ^^^^^^^^^^^^^^^^^^^^^
  File "C:\Users\hp\OneDrive\Desktop\enoch-shopping\.venv\Lib\site-packages\django\core\handlers\base.py", line 197, in _get_response
    response = wrapped_callback(request, *callback_args, **callback_kwargs)
               ^^^^^^^^^^^^^^^^^^^^^^^^^^^^^^^^^^^^^^^^^^^^^^^^^^^^^^^^^^^^
  File "C:\Users\hp\OneDrive\Desktop\enoch-shopping\.venv\Lib\site-packages\django\contrib\auth\decorators.py", line 60, in _view_wrapper
    return view_func(request, *args, **kwargs)
           ^^^^^^^^^^^^^^^^^^^^^^^^^^^^^^^^^^^
  File "C:\Users\hp\OneDrive\Desktop\enoch-shopping\shop\views.py", line 1576, in feedback_view
    return redirect('shop:feedback_thank_you')
           ^^^^^^^^^^^^^^^^^^^^^^^^^^^^^^^^^^^
  File "C:\Users\hp\OneDrive\Desktop\enoch-shopping\.venv\Lib\site-packages\django\shortcuts.py", line 49, in redirect
    return redirect_class(resolve_url(to, *args, **kwargs))
                          ^^^^^^^^^^^^^^^^^^^^^^^^^^^^^^^^
  File "C:\Users\hp\OneDrive\Desktop\enoch-shopping\.venv\Lib\site-packages\django\shortcuts.py", line 180, in resolve_url
    return reverse(to, args=args, kwargs=kwargs)
           ^^^^^^^^^^^^^^^^^^^^^^^^^^^^^^^^^^^^^
  File "C:\Users\hp\OneDrive\Desktop\enoch-shopping\.venv\Lib\site-packages\django\urls\base.py", line 88, in reverse
    return resolver._reverse_with_prefix(view, prefix, *args, **kwargs)
           ^^^^^^^^^^^^^^^^^^^^^^^^^^^^^^^^^^^^^^^^^^^^^^^^^^^^^^^^^^^^
  File "C:\Users\hp\OneDrive\Desktop\enoch-shopping\.venv\Lib\site-packages\django\urls\resolvers.py", line 831, in _reverse_with_prefix
    raise NoReverseMatch(msg)
django.urls.exceptions.NoReverseMatch: Reverse for 'feedback_thank_you' not found. 'feedback_thank_you' is not a valid view function or pattern name.
"POST /feedback/ HTTP/1.1" 500 90533
"GET /static/css/styles.css HTTP/1.1" 404 1969
"GET /static/images/profile.jpg HTTP/1.1" 404 1981
"GET /static/css/styles.css HTTP/1.1" 404 1969
"GET /static/images/profile.jpg HTTP/1.1" 404 1981
"GET /static/images/banner.jpg HTTP/1.1" 404 1978
"GET /static/css/styles.css HTTP/1.1" 404 1969
"GET /static/images/profile.jpg HTTP/1.1" 404 1981
"GET /static/images/banner.jpg HTTP/1.1" 404 1978
"GET /static/css/styles.css HTTP/1.1" 404 1969
"GET /static/images/profile.jpg HTTP/1.1" 404 1981
"GET /static/css/styles.css HTTP/1.1" 404 1969
"GET /static/images/profile.jpg HTTP/1.1" 404 1981
"GET /static/images/profile.jpg HTTP/1.1" 404 1981
"GET /static/css/styles.css HTTP/1.1" 404 1969
"GET /static/images/banner.jpg HTTP/1.1" 404 1978
"GET /static/css/styles.css HTTP/1.1" 404 1969
"GET /static/images/profile.jpg HTTP/1.1" 404 1981
"GET /static/images/profile.jpg HTTP/1.1" 404 1981
"GET /static/css/styles.css HTTP/1.1" 404 1969
"GET /static/css/styles.css HTTP/1.1" 404 1969
"GET /static/images/banner.jpg HTTP/1.1" 404 1978
"GET /static/images/profile.jpg HTTP/1.1" 404 1981
"GET /static/images/profile.jpg HTTP/1.1" 404 1981
"GET /static/css/styles.css HTTP/1.1" 404 1969
"GET /static/images/profile.jpg HTTP/1.1" 404 1981
"GET /static/css/styles.css HTTP/1.1" 404 1969
"GET /static/images/profile.jpg HTTP/1.1" 404 1981
"GET /static/css/styles.css HTTP/1.1" 404 1969
"GET /static/css/styles.css HTTP/1.1" 404 1969
"GET /static/images/profile.jpg HTTP/1.1" 404 1981
"GET /static/images/profile.jpg HTTP/1.1" 404 1981
"GET /static/css/styles.css HTTP/1.1" 404 1969
Internal Server Error: /account-settings/
Traceback (most recent call last):
  File "C:\Users\hp\OneDrive\Desktop\enoch-shopping\.venv\Lib\site-packages\django\core\handlers\exception.py", line 55, in inner
    response = get_response(request)
               ^^^^^^^^^^^^^^^^^^^^^
  File "C:\Users\hp\OneDrive\Desktop\enoch-shopping\.venv\Lib\site-packages\django\core\handlers\base.py", line 197, in _get_response
    response = wrapped_callback(request, *callback_args, **callback_kwargs)
               ^^^^^^^^^^^^^^^^^^^^^^^^^^^^^^^^^^^^^^^^^^^^^^^^^^^^^^^^^^^^
  File "C:\Users\hp\OneDrive\Desktop\enoch-shopping\shop\views.py", line 671, in account_settings_view
    return render(request, 'shop/account_settings.html')
           ^^^^^^^^^^^^^^^^^^^^^^^^^^^^^^^^^^^^^^^^^^^^^
  File "C:\Users\hp\OneDrive\Desktop\enoch-shopping\.venv\Lib\site-packages\django\shortcuts.py", line 25, in render
    content = loader.render_to_string(template_name, context, request, using=using)
              ^^^^^^^^^^^^^^^^^^^^^^^^^^^^^^^^^^^^^^^^^^^^^^^^^^^^^^^^^^^^^^^^^^^^^
  File "C:\Users\hp\OneDrive\Desktop\enoch-shopping\.venv\Lib\site-packages\django\template\loader.py", line 62, in render_to_string
    return template.render(context, request)
           ^^^^^^^^^^^^^^^^^^^^^^^^^^^^^^^^^
  File "C:\Users\hp\OneDrive\Desktop\enoch-shopping\.venv\Lib\site-packages\django\template\backends\django.py", line 107, in render
    return self.template.render(context)
           ^^^^^^^^^^^^^^^^^^^^^^^^^^^^^
  File "C:\Users\hp\OneDrive\Desktop\enoch-shopping\.venv\Lib\site-packages\django\template\base.py", line 171, in render
    return self._render(context)
           ^^^^^^^^^^^^^^^^^^^^^
  File "C:\Users\hp\OneDrive\Desktop\enoch-shopping\.venv\Lib\site-packages\django\template\base.py", line 163, in _render
    return self.nodelist.render(context)
           ^^^^^^^^^^^^^^^^^^^^^^^^^^^^^
  File "C:\Users\hp\OneDrive\Desktop\enoch-shopping\.venv\Lib\site-packages\django\template\base.py", line 1008, in render
    return SafeString("".join([node.render_annotated(context) for node in self]))
                               ^^^^^^^^^^^^^^^^^^^^^^^^^^^^^^
  File "C:\Users\hp\OneDrive\Desktop\enoch-shopping\.venv\Lib\site-packages\django\template\base.py", line 969, in render_annotated
    return self.render(context)
           ^^^^^^^^^^^^^^^^^^^^
  File "C:\Users\hp\OneDrive\Desktop\enoch-shopping\.venv\Lib\site-packages\django\template\loader_tags.py", line 159, in render
    return compiled_parent._render(context)
           ^^^^^^^^^^^^^^^^^^^^^^^^^^^^^^^^
  File "C:\Users\hp\OneDrive\Desktop\enoch-shopping\.venv\Lib\site-packages\django\template\base.py", line 163, in _render
    return self.nodelist.render(context)
           ^^^^^^^^^^^^^^^^^^^^^^^^^^^^^
  File "C:\Users\hp\OneDrive\Desktop\enoch-shopping\.venv\Lib\site-packages\django\template\base.py", line 1008, in render
    return SafeString("".join([node.render_annotated(context) for node in self]))
                               ^^^^^^^^^^^^^^^^^^^^^^^^^^^^^^
  File "C:\Users\hp\OneDrive\Desktop\enoch-shopping\.venv\Lib\site-packages\django\template\base.py", line 969, in render_annotated
    return self.render(context)
           ^^^^^^^^^^^^^^^^^^^^
  File "C:\Users\hp\OneDrive\Desktop\enoch-shopping\.venv\Lib\site-packages\django\template\defaulttags.py", line 480, in render
    url = reverse(view_name, args=args, kwargs=kwargs, current_app=current_app)
          ^^^^^^^^^^^^^^^^^^^^^^^^^^^^^^^^^^^^^^^^^^^^^^^^^^^^^^^^^^^^^^^^^^^^^
  File "C:\Users\hp\OneDrive\Desktop\enoch-shopping\.venv\Lib\site-packages\django\urls\base.py", line 88, in reverse
    return resolver._reverse_with_prefix(view, prefix, *args, **kwargs)
           ^^^^^^^^^^^^^^^^^^^^^^^^^^^^^^^^^^^^^^^^^^^^^^^^^^^^^^^^^^^^
  File "C:\Users\hp\OneDrive\Desktop\enoch-shopping\.venv\Lib\site-packages\django\urls\resolvers.py", line 831, in _reverse_with_prefix
    raise NoReverseMatch(msg)
django.urls.exceptions.NoReverseMatch: Reverse for 'most_viewed_products' not found. 'most_viewed_products' is not a valid view function or pattern name.
"GET /account-settings/ HTTP/1.1" 500 140999
"GET /static/css/styles.css HTTP/1.1" 404 1969
"GET /static/images/profile.jpg HTTP/1.1" 404 1981
Internal Server Error: /most-viewed-products/
Traceback (most recent call last):
  File "C:\Users\hp\OneDrive\Desktop\enoch-shopping\.venv\Lib\site-packages\django\core\handlers\exception.py", line 55, in inner
    response = get_response(request)
               ^^^^^^^^^^^^^^^^^^^^^
  File "C:\Users\hp\OneDrive\Desktop\enoch-shopping\.venv\Lib\site-packages\django\core\handlers\base.py", line 197, in _get_response
    response = wrapped_callback(request, *callback_args, **callback_kwargs)
               ^^^^^^^^^^^^^^^^^^^^^^^^^^^^^^^^^^^^^^^^^^^^^^^^^^^^^^^^^^^^
  File "C:\Users\hp\OneDrive\Desktop\enoch-shopping\.venv\Lib\site-packages\django\views\generic\base.py", line 104, in view
    return self.dispatch(request, *args, **kwargs)
           ^^^^^^^^^^^^^^^^^^^^^^^^^^^^^^^^^^^^^^^
  File "C:\Users\hp\OneDrive\Desktop\enoch-shopping\.venv\Lib\site-packages\django\views\generic\base.py", line 143, in dispatch
    return handler(request, *args, **kwargs)
           ^^^^^^^^^^^^^^^^^^^^^^^^^^^^^^^^^
  File "C:\Users\hp\OneDrive\Desktop\enoch-shopping\.venv\Lib\site-packages\django\views\generic\list.py", line 154, in get
    self.object_list = self.get_queryset()
                       ^^^^^^^^^^^^^^^^^^^
  File "C:\Users\hp\OneDrive\Desktop\enoch-shopping\shop\views.py", line 2599, in get_queryset
    return Product.objects.order_by('-view_count')[:10]  # Adjust as neede
           ^^^^^^^^^^^^^^^^^^^^^^^^^^^^^^^^^^^^^^^
  File "C:\Users\hp\OneDrive\Desktop\enoch-shopping\.venv\Lib\site-packages\django\db\models\manager.py", line 87, in manager_method
    return getattr(self.get_queryset(), name)(*args, **kwargs)
           ^^^^^^^^^^^^^^^^^^^^^^^^^^^^^^^^^^^^^^^^^^^^^^^^^^^
  File "C:\Users\hp\OneDrive\Desktop\enoch-shopping\.venv\Lib\site-packages\django\db\models\query.py", line 1701, in order_by
    obj.query.add_ordering(*field_names)
  File "C:\Users\hp\OneDrive\Desktop\enoch-shopping\.venv\Lib\site-packages\django\db\models\sql\query.py", line 2249, in add_ordering
    self.names_to_path(item.split(LOOKUP_SEP), self.model._meta)
  File "C:\Users\hp\OneDrive\Desktop\enoch-shopping\.venv\Lib\site-packages\django\db\models\sql\query.py", line 1768, in names_to_path
    raise FieldError(
django.core.exceptions.FieldError: Cannot resolve keyword 'view_count' into field. Choices are: cartitem, category, category_id, comments, created_at, description, id, image, images, is_recommended, name, orderitem, panoramic_image, price, purchases, rating, recommended_to, stock, updated_at, video_url, viewed_by, views, wishlist
"GET /most-viewed-products/ HTTP/1.1" 500 99031
"GET /static/css/styles.css HTTP/1.1" 404 1969
"GET /static/css/styles.css HTTP/1.1" 404 1969
"GET /static/css/styles.css HTTP/1.1" 404 1969
"GET /static/images/profile.jpg HTTP/1.1" 404 1981
"GET /static/css/styles.css HTTP/1.1" 404 1969
"GET /static/css/styles.css HTTP/1.1" 404 1969
"GET /static/images/profile.jpg HTTP/1.1" 404 1981
"GET /static/css/styles.css HTTP/1.1" 404 1969
"GET /static/css/styles.css HTTP/1.1" 404 1969
"GET /static/css/styles.css HTTP/1.1" 404 1969
"GET /static/images/profile.jpg HTTP/1.1" 404 1981
"GET /static/images/profile.jpg HTTP/1.1" 404 1981
"GET /static/css/styles.css HTTP/1.1" 404 1969
"GET /static/images/profile.jpg HTTP/1.1" 404 1981
"GET /static/css/styles.css HTTP/1.1" 404 1969
"GET /static/images/profile.jpg HTTP/1.1" 404 1981
"GET /static/css/styles.css HTTP/1.1" 404 1969
Not Found: /faq/
"GET /faq/ HTTP/1.1" 404 6614
Not Found: /faq/
"GET /faq/ HTTP/1.1" 404 6614
Not Found: /faq/
"GET /faq/ HTTP/1.1" 404 6614
"GET /static/css/styles.css HTTP/1.1" 404 1969
Not Found: /account-settings/
"GET /account-settings/ HTTP/1.1" 404 6653
Not Found: /account-settings/
"GET /account-settings/ HTTP/1.1" 404 6653
Not Found: /account-settings/
"GET /account-settings/ HTTP/1.1" 404 6653
Not Found: /account-settings/
"GET /account-settings/ HTTP/1.1" 404 6653
Not Found: /account-settings/
"GET /account-settings/ HTTP/1.1" 404 6653
Not Found: /account-settings/
"GET /account-settings/ HTTP/1.1" 404 6653
Not Found: /account-settings/
"GET /account-settings/ HTTP/1.1" 404 6653
Not Found: /account-settings/
"GET /account-settings/ HTTP/1.1" 404 6653
Not Found: /account-settings/
"GET /account-settings/ HTTP/1.1" 404 6653
Not Found: /account-settings/
"GET /account-settings/ HTTP/1.1" 404 6653
Not Found: /account-settings/
"GET /account-settings/ HTTP/1.1" 404 6653
Not Found: /account-settings/
"GET /account-settings/ HTTP/1.1" 404 6653
Not Found: /account-settings/
"GET /account-settings/ HTTP/1.1" 404 6653
Not Found: /account-settings/
"GET /account-settings/ HTTP/1.1" 404 6653
Not Found: /account-settings/
"GET /account-settings/ HTTP/1.1" 404 6653
Not Found: /account-settings/
"GET /account-settings/ HTTP/1.1" 404 6653
Not Found: /account-settings/
"GET /account-settings/ HTTP/1.1" 404 6653
Not Found: /product/7/
"GET /product/7/ HTTP/1.1" 404 6632
Not Found: /feedback/thank-you/
"GET /feedback/thank-you/ HTTP/1.1" 404 6659
Not Found: /feedback/
"GET /feedback/ HTTP/1.1" 404 6629
Not Found: /feedback/thank-you/
"GET /feedback/thank-you/ HTTP/1.1" 404 6659
Not Found: /loyalty-points/
"GET /loyalty-points/ HTTP/1.1" 404 6647
Not Found: /redeem-loyalty-points/
"GET /redeem-loyalty-points/ HTTP/1.1" 404 6668
Not Found: /product/6/
"GET /product/6/ HTTP/1.1" 404 6632
Not Found: /cart/
"GET /cart/ HTTP/1.1" 404 6617
Not Found: /gift-cards/
"GET /gift-cards/ HTTP/1.1" 404 6635
Not Found: /blog/
"GET /blog/ HTTP/1.1" 404 6617
Not Found: /order-history/
"GET /order-history/ HTTP/1.1" 404 6644
Not Found: /checkout/
"GET /checkout/ HTTP/1.1" 404 6629
Not Found: /product/5/
"GET /product/5/ HTTP/1.1" 404 6632
Not Found: /wishlist/
"GET /wishlist/ HTTP/1.1" 404 6629
Not Found: /login/
"GET /login/ HTTP/1.1" 404 6620
Not Found: /account-settings/
"GET /account-settings/ HTTP/1.1" 404 6653
Bad Request: /faqs/
"POST /faqs/ HTTP/1.1" 400 10291
Not Found: /favicon.ico
"GET /favicon.ico HTTP/1.1" 404 6488
"GET /static/images/profile.jpg HTTP/1.1" 404 1981
"GET /static/css/styles.css HTTP/1.1" 404 1969
"GET /static/images/banner.jpg HTTP/1.1" 404 1978
"GET /static/images/profile.jpg HTTP/1.1" 404 1981
"GET /static/css/styles.css HTTP/1.1" 404 1969
"GET /static/css/styles.css HTTP/1.1" 404 1969
"GET /static/images/profile.jpg HTTP/1.1" 404 1981
"GET /static/css/styles.css HTTP/1.1" 404 1969
"GET /static/images/profile.jpg HTTP/1.1" 404 1981
"GET /static/css/styles.css HTTP/1.1" 404 1969
"GET /static/images/profile.jpg HTTP/1.1" 404 1981
"GET /static/images/profile.jpg HTTP/1.1" 404 1981
"GET /static/css/styles.css HTTP/1.1" 404 1969
"GET /static/images/profile.jpg HTTP/1.1" 404 1981
"GET /static/css/styles.css HTTP/1.1" 404 1969
"GET /static/css/styles.css HTTP/1.1" 404 1969
"GET /static/images/profile.jpg HTTP/1.1" 404 1981
"GET /static/images/profile.jpg HTTP/1.1" 404 1981
"GET /static/css/styles.css HTTP/1.1" 404 1969
"GET /static/css/styles.css HTTP/1.1" 404 1969
"GET /static/images/profile.jpg HTTP/1.1" 404 1981
"GET /static/images/default-profile.png HTTP/1.1" 404 2005
"GET /static/images/loading-spinner.gif HTTP/1.1" 404 2005
"GET /static/css/style.css HTTP/1.1" 404 1966
"GET /static/images/default_profile.png HTTP/1.1" 404 2005
"GET /static/css/styles.css HTTP/1.1" 404 1969
"GET /static/images/profile.jpg HTTP/1.1" 404 1981
"GET /static/images/banner.jpg HTTP/1.1" 404 1978
"GET /static/css/styles.css HTTP/1.1" 404 1969
"GET /static/images/profile.jpg HTTP/1.1" 404 1981
"GET /static/css/styles.css HTTP/1.1" 404 1969
"GET /static/images/profile.jpg HTTP/1.1" 404 1981
"GET /static/images/profile.jpg HTTP/1.1" 404 1981
"GET /static/css/styles.css HTTP/1.1" 404 1969
"GET /static/css/styles.css HTTP/1.1" 404 1969
"GET /static/css/styles.css HTTP/1.1" 404 1969
"GET /static/images/profile.jpg HTTP/1.1" 404 1981
Internal Server Error: /redeem-loyalty-points/
Traceback (most recent call last):
  File "C:\Users\hp\OneDrive\Desktop\enoch-shopping\.venv\Lib\site-packages\django\core\handlers\exception.py", line 55, in inner
    response = get_response(request)
               ^^^^^^^^^^^^^^^^^^^^^
  File "C:\Users\hp\OneDrive\Desktop\enoch-shopping\.venv\Lib\site-packages\django\core\handlers\base.py", line 197, in _get_response
    response = wrapped_callback(request, *callback_args, **callback_kwargs)
               ^^^^^^^^^^^^^^^^^^^^^^^^^^^^^^^^^^^^^^^^^^^^^^^^^^^^^^^^^^^^
  File "C:\Users\hp\OneDrive\Desktop\enoch-shopping\shop\views.py", line 2647, in redeem_loyalty_points_view
    return render(request, 'shop/redeem_loyalty_points.html', {'user_points': user_points})
           ^^^^^^^^^^^^^^^^^^^^^^^^^^^^^^^^^^^^^^^^^^^^^^^^^^^^^^^^^^^^^^^^^^^^^^^^^^^^^^^^
  File "C:\Users\hp\OneDrive\Desktop\enoch-shopping\.venv\Lib\site-packages\django\shortcuts.py", line 25, in render
    content = loader.render_to_string(template_name, context, request, using=using)
              ^^^^^^^^^^^^^^^^^^^^^^^^^^^^^^^^^^^^^^^^^^^^^^^^^^^^^^^^^^^^^^^^^^^^^
  File "C:\Users\hp\OneDrive\Desktop\enoch-shopping\.venv\Lib\site-packages\django\template\loader.py", line 61, in render_to_string
    template = get_template(template_name, using=using)
               ^^^^^^^^^^^^^^^^^^^^^^^^^^^^^^^^^^^^^^^^
  File "C:\Users\hp\OneDrive\Desktop\enoch-shopping\.venv\Lib\site-packages\django\template\loader.py", line 19, in get_template
    raise TemplateDoesNotExist(template_name, chain=chain)
django.template.exceptions.TemplateDoesNotExist: shop/redeem_loyalty_points.html
"GET /redeem-loyalty-points/ HTTP/1.1" 500 84048
Internal Server Error: /redeem-loyalty-points/
Traceback (most recent call last):
  File "C:\Users\hp\OneDrive\Desktop\enoch-shopping\.venv\Lib\site-packages\django\core\handlers\exception.py", line 55, in inner
    response = get_response(request)
               ^^^^^^^^^^^^^^^^^^^^^
  File "C:\Users\hp\OneDrive\Desktop\enoch-shopping\.venv\Lib\site-packages\django\core\handlers\base.py", line 197, in _get_response
    response = wrapped_callback(request, *callback_args, **callback_kwargs)
               ^^^^^^^^^^^^^^^^^^^^^^^^^^^^^^^^^^^^^^^^^^^^^^^^^^^^^^^^^^^^
  File "C:\Users\hp\OneDrive\Desktop\enoch-shopping\shop\views.py", line 2647, in redeem_loyalty_points_view
    return render(request, 'shop/loyalty_points.html', {'user_points': user_points})
           ^^^^^^^^^^^^^^^^^^^^^^^^^^^^^^^^^^^^^^^^^^^^^^^^^^^^^^^^^^^^^^^^^^^^^^^^^
  File "C:\Users\hp\OneDrive\Desktop\enoch-shopping\.venv\Lib\site-packages\django\shortcuts.py", line 25, in render
    content = loader.render_to_string(template_name, context, request, using=using)
              ^^^^^^^^^^^^^^^^^^^^^^^^^^^^^^^^^^^^^^^^^^^^^^^^^^^^^^^^^^^^^^^^^^^^^
  File "C:\Users\hp\OneDrive\Desktop\enoch-shopping\.venv\Lib\site-packages\django\template\loader.py", line 61, in render_to_string
    template = get_template(template_name, using=using)
               ^^^^^^^^^^^^^^^^^^^^^^^^^^^^^^^^^^^^^^^^
  File "C:\Users\hp\OneDrive\Desktop\enoch-shopping\.venv\Lib\site-packages\django\template\loader.py", line 19, in get_template
    raise TemplateDoesNotExist(template_name, chain=chain)
django.template.exceptions.TemplateDoesNotExist: shop/loyalty_points.html
"GET /redeem-loyalty-points/ HTTP/1.1" 500 83961
Internal Server Error: /redeem-loyalty-points/
Traceback (most recent call last):
  File "C:\Users\hp\OneDrive\Desktop\enoch-shopping\.venv\Lib\site-packages\django\core\handlers\exception.py", line 55, in inner
    response = get_response(request)
               ^^^^^^^^^^^^^^^^^^^^^
  File "C:\Users\hp\OneDrive\Desktop\enoch-shopping\.venv\Lib\site-packages\django\core\handlers\base.py", line 197, in _get_response
    response = wrapped_callback(request, *callback_args, **callback_kwargs)
               ^^^^^^^^^^^^^^^^^^^^^^^^^^^^^^^^^^^^^^^^^^^^^^^^^^^^^^^^^^^^
  File "C:\Users\hp\OneDrive\Desktop\enoch-shopping\shop\views.py", line 2647, in redeem_loyalty_points_view
    return render(request, 'shop/loyalty_points.html', {'user_points': user_points})
           ^^^^^^^^^^^^^^^^^^^^^^^^^^^^^^^^^^^^^^^^^^^^^^^^^^^^^^^^^^^^^^^^^^^^^^^^^
  File "C:\Users\hp\OneDrive\Desktop\enoch-shopping\.venv\Lib\site-packages\django\shortcuts.py", line 25, in render
    content = loader.render_to_string(template_name, context, request, using=using)
              ^^^^^^^^^^^^^^^^^^^^^^^^^^^^^^^^^^^^^^^^^^^^^^^^^^^^^^^^^^^^^^^^^^^^^
  File "C:\Users\hp\OneDrive\Desktop\enoch-shopping\.venv\Lib\site-packages\django\template\loader.py", line 61, in render_to_string
    template = get_template(template_name, using=using)
               ^^^^^^^^^^^^^^^^^^^^^^^^^^^^^^^^^^^^^^^^
  File "C:\Users\hp\OneDrive\Desktop\enoch-shopping\.venv\Lib\site-packages\django\template\loader.py", line 19, in get_template
    raise TemplateDoesNotExist(template_name, chain=chain)
django.template.exceptions.TemplateDoesNotExist: shop/loyalty_points.html
"GET /redeem-loyalty-points/ HTTP/1.1" 500 83961
"GET /static/css/styles.css HTTP/1.1" 404 1969
"GET /static/images/profile.jpg HTTP/1.1" 404 1981
"GET /static/images/profile.jpg HTTP/1.1" 404 1981
"GET /static/css/styles.css HTTP/1.1" 404 1969
"GET /static/images/profile.jpg HTTP/1.1" 404 1981
"GET /static/css/styles.css HTTP/1.1" 404 1969
"GET /static/css/styles.css HTTP/1.1" 404 1969
"GET /static/images/profile.jpg HTTP/1.1" 404 1981
"GET /static/images/profile.jpg HTTP/1.1" 404 1981
"GET /static/css/styles.css HTTP/1.1" 404 1969
"GET /static/css/styles.css HTTP/1.1" 404 1969
"GET /static/images/profile.jpg HTTP/1.1" 404 1981
"GET /static/css/styles.css HTTP/1.1" 404 1969
"GET /static/images/profile.jpg HTTP/1.1" 404 1981
"GET /static/css/styles.css HTTP/1.1" 404 1969
"GET /static/images/profile.jpg HTTP/1.1" 404 1981
Internal Server Error: /remove-from-wishlist/7/
Traceback (most recent call last):
  File "C:\Users\hp\OneDrive\Desktop\enoch-shopping\.venv\Lib\site-packages\django\core\handlers\exception.py", line 55, in inner
    response = get_response(request)
               ^^^^^^^^^^^^^^^^^^^^^
  File "C:\Users\hp\OneDrive\Desktop\enoch-shopping\.venv\Lib\site-packages\django\core\handlers\base.py", line 197, in _get_response
    response = wrapped_callback(request, *callback_args, **callback_kwargs)
               ^^^^^^^^^^^^^^^^^^^^^^^^^^^^^^^^^^^^^^^^^^^^^^^^^^^^^^^^^^^^
  File "C:\Users\hp\OneDrive\Desktop\enoch-shopping\shop\views.py", line 1499, in remove_from_wishlist
    wishlist = get_object_or_404(Wishlist, user=request.user)
               ^^^^^^^^^^^^^^^^^^^^^^^^^^^^^^^^^^^^^^^^^^^^^^
  File "C:\Users\hp\OneDrive\Desktop\enoch-shopping\.venv\Lib\site-packages\django\shortcuts.py", line 86, in get_object_or_404
    return queryset.get(*args, **kwargs)
           ^^^^^^^^^^^^^^^^^^^^^^^^^^^^^
  File "C:\Users\hp\OneDrive\Desktop\enoch-shopping\.venv\Lib\site-packages\django\db\models\query.py", line 652, in get
    raise self.model.MultipleObjectsReturned(
shop.models.Wishlist.MultipleObjectsReturned: get() returned more than one Wishlist -- it returned 5!
"POST /remove-from-wishlist/7/ HTTP/1.1" 500 75682
"GET /static/css/styles.css HTTP/1.1" 404 1969
"GET /static/images/profile.jpg HTTP/1.1" 404 1981
"GET /static/images/profile.jpg HTTP/1.1" 404 1981
"GET /static/css/styles.css HTTP/1.1" 404 1969
"GET /static/images/profile.jpg HTTP/1.1" 404 1981
"GET /static/css/styles.css HTTP/1.1" 404 1969
"GET /static/css/styles.css HTTP/1.1" 404 1969
"GET /static/images/profile.jpg HTTP/1.1" 404 1981
"GET /static/images/banner.jpg HTTP/1.1" 404 1978
Not Found: /favicon.ico
"GET /favicon.ico HTTP/1.1" 404 21618
"GET /static/css/styles.css HTTP/1.1" 404 1969
"GET /static/images/profile.jpg HTTP/1.1" 404 1981
"GET /static/css/styles.css HTTP/1.1" 404 1969
"GET /static/images/profile.jpg HTTP/1.1" 404 1981
"GET /static/images/profile.jpg HTTP/1.1" 404 1981
"GET /static/css/styles.css HTTP/1.1" 404 1969
"GET /static/css/styles.css HTTP/1.1" 404 1969
"GET /static/images/profile.jpg HTTP/1.1" 404 1981
"GET /static/css/styles.css HTTP/1.1" 404 1969
"GET /static/images/profile.jpg HTTP/1.1" 404 1981
"GET /static/css/styles.css HTTP/1.1" 404 1969
"GET /static/images/profile.jpg HTTP/1.1" 404 1981
"GET /static/images/profile.jpg HTTP/1.1" 404 1981
"GET /static/images/default-profile.png HTTP/1.1" 404 2005
"GET /static/css/style.css HTTP/1.1" 404 1966
"GET /static/images/loading-spinner.gif HTTP/1.1" 404 2005
"GET /static/images/default_profile.png HTTP/1.1" 404 2005
Not Found: /media/Screenshot 2024-10-28 094605.png
"GET /media/Screenshot%202024-10-28%20094605.png HTTP/1.1" 404 21457
"GET /static/images/profile.jpg HTTP/1.1" 404 1981
"GET /static/images/default-profile.png HTTP/1.1" 404 2005
"GET /static/css/style.css HTTP/1.1" 404 1966
"GET /static/images/loading-spinner.gif HTTP/1.1" 404 2005
"GET /static/images/default_profile.png HTTP/1.1" 404 2005
Not Found: /media/Screenshot 2024-10-28 094605.png
"GET /media/Screenshot%202024-10-28%20094605.png HTTP/1.1" 404 21457
"GET /static/images/default_profile.png HTTP/1.1" 404 2005
"GET /static/images/profile.jpg HTTP/1.1" 404 1981
Internal Server Error: /wishlist/
Traceback (most recent call last):
  File "C:\Users\hp\OneDrive\Desktop\enoch-shopping\venv\Lib\site-packages\django\core\handlers\exception.py", line 55, in inner
    response = get_response(request)
               ^^^^^^^^^^^^^^^^^^^^^
  File "C:\Users\hp\OneDrive\Desktop\enoch-shopping\venv\Lib\site-packages\django\core\handlers\base.py", line 197, in _get_response
    response = wrapped_callback(request, *callback_args, **callback_kwargs)
               ^^^^^^^^^^^^^^^^^^^^^^^^^^^^^^^^^^^^^^^^^^^^^^^^^^^^^^^^^^^^
  File "C:\Users\hp\OneDrive\Desktop\enoch-shopping\shop\views.py", line 748, in wishlist_view
    return redirect('login')  # Redirect to login if not authenticated
           ^^^^^^^^^^^^^^^^^
  File "C:\Users\hp\OneDrive\Desktop\enoch-shopping\venv\Lib\site-packages\django\shortcuts.py", line 49, in redirect
    return redirect_class(resolve_url(to, *args, **kwargs))
                          ^^^^^^^^^^^^^^^^^^^^^^^^^^^^^^^^
  File "C:\Users\hp\OneDrive\Desktop\enoch-shopping\venv\Lib\site-packages\django\shortcuts.py", line 180, in resolve_url
    return reverse(to, args=args, kwargs=kwargs)
           ^^^^^^^^^^^^^^^^^^^^^^^^^^^^^^^^^^^^^
  File "C:\Users\hp\OneDrive\Desktop\enoch-shopping\venv\Lib\site-packages\django\urls\base.py", line 88, in reverse
    return resolver._reverse_with_prefix(view, prefix, *args, **kwargs)
           ^^^^^^^^^^^^^^^^^^^^^^^^^^^^^^^^^^^^^^^^^^^^^^^^^^^^^^^^^^^^
  File "C:\Users\hp\OneDrive\Desktop\enoch-shopping\venv\Lib\site-packages\django\urls\resolvers.py", line 831, in _reverse_with_prefix
    raise NoReverseMatch(msg)
django.urls.exceptions.NoReverseMatch: Reverse for 'login' not found. 'login' is not a valid view function or pattern name.
"GET /wishlist/ HTTP/1.1" 500 83423
Internal Server Error: /wishlist/
Traceback (most recent call last):
  File "C:\Users\hp\OneDrive\Desktop\enoch-shopping\venv\Lib\site-packages\django\core\handlers\exception.py", line 55, in inner
    response = get_response(request)
               ^^^^^^^^^^^^^^^^^^^^^
  File "C:\Users\hp\OneDrive\Desktop\enoch-shopping\venv\Lib\site-packages\django\core\handlers\base.py", line 197, in _get_response
    response = wrapped_callback(request, *callback_args, **callback_kwargs)
               ^^^^^^^^^^^^^^^^^^^^^^^^^^^^^^^^^^^^^^^^^^^^^^^^^^^^^^^^^^^^
  File "C:\Users\hp\OneDrive\Desktop\enoch-shopping\shop\views.py", line 748, in wishlist_view
    return redirect('login')  # Redirect to login if not authenticated
           ^^^^^^^^^^^^^^^^^
  File "C:\Users\hp\OneDrive\Desktop\enoch-shopping\venv\Lib\site-packages\django\shortcuts.py", line 49, in redirect
    return redirect_class(resolve_url(to, *args, **kwargs))
                          ^^^^^^^^^^^^^^^^^^^^^^^^^^^^^^^^
  File "C:\Users\hp\OneDrive\Desktop\enoch-shopping\venv\Lib\site-packages\django\shortcuts.py", line 180, in resolve_url
    return reverse(to, args=args, kwargs=kwargs)
           ^^^^^^^^^^^^^^^^^^^^^^^^^^^^^^^^^^^^^
  File "C:\Users\hp\OneDrive\Desktop\enoch-shopping\venv\Lib\site-packages\django\urls\base.py", line 88, in reverse
    return resolver._reverse_with_prefix(view, prefix, *args, **kwargs)
           ^^^^^^^^^^^^^^^^^^^^^^^^^^^^^^^^^^^^^^^^^^^^^^^^^^^^^^^^^^^^
  File "C:\Users\hp\OneDrive\Desktop\enoch-shopping\venv\Lib\site-packages\django\urls\resolvers.py", line 831, in _reverse_with_prefix
    raise NoReverseMatch(msg)
django.urls.exceptions.NoReverseMatch: Reverse for 'login' not found. 'login' is not a valid view function or pattern name.
"GET /wishlist/ HTTP/1.1" 500 83601
Internal Server Error: /wishlist/
Traceback (most recent call last):
  File "C:\Users\hp\OneDrive\Desktop\enoch-shopping\venv\Lib\site-packages\django\core\handlers\exception.py", line 55, in inner
    response = get_response(request)
               ^^^^^^^^^^^^^^^^^^^^^
  File "C:\Users\hp\OneDrive\Desktop\enoch-shopping\venv\Lib\site-packages\django\core\handlers\base.py", line 197, in _get_response
    response = wrapped_callback(request, *callback_args, **callback_kwargs)
               ^^^^^^^^^^^^^^^^^^^^^^^^^^^^^^^^^^^^^^^^^^^^^^^^^^^^^^^^^^^^
  File "C:\Users\hp\OneDrive\Desktop\enoch-shopping\shop\views.py", line 748, in wishlist_view
    return redirect('login')  # Redirect to login if not authenticated
           ^^^^^^^^^^^^^^^^^
  File "C:\Users\hp\OneDrive\Desktop\enoch-shopping\venv\Lib\site-packages\django\shortcuts.py", line 49, in redirect
    return redirect_class(resolve_url(to, *args, **kwargs))
                          ^^^^^^^^^^^^^^^^^^^^^^^^^^^^^^^^
  File "C:\Users\hp\OneDrive\Desktop\enoch-shopping\venv\Lib\site-packages\django\shortcuts.py", line 180, in resolve_url
    return reverse(to, args=args, kwargs=kwargs)
           ^^^^^^^^^^^^^^^^^^^^^^^^^^^^^^^^^^^^^
  File "C:\Users\hp\OneDrive\Desktop\enoch-shopping\venv\Lib\site-packages\django\urls\base.py", line 88, in reverse
    return resolver._reverse_with_prefix(view, prefix, *args, **kwargs)
           ^^^^^^^^^^^^^^^^^^^^^^^^^^^^^^^^^^^^^^^^^^^^^^^^^^^^^^^^^^^^
  File "C:\Users\hp\OneDrive\Desktop\enoch-shopping\venv\Lib\site-packages\django\urls\resolvers.py", line 831, in _reverse_with_prefix
    raise NoReverseMatch(msg)
django.urls.exceptions.NoReverseMatch: Reverse for 'login' not found. 'login' is not a valid view function or pattern name.
"GET /wishlist/ HTTP/1.1" 500 83604
Internal Server Error: /wishlist/
Traceback (most recent call last):
  File "C:\Users\hp\OneDrive\Desktop\enoch-shopping\venv\Lib\site-packages\django\core\handlers\exception.py", line 55, in inner
    response = get_response(request)
               ^^^^^^^^^^^^^^^^^^^^^
  File "C:\Users\hp\OneDrive\Desktop\enoch-shopping\venv\Lib\site-packages\django\core\handlers\base.py", line 197, in _get_response
    response = wrapped_callback(request, *callback_args, **callback_kwargs)
               ^^^^^^^^^^^^^^^^^^^^^^^^^^^^^^^^^^^^^^^^^^^^^^^^^^^^^^^^^^^^
  File "C:\Users\hp\OneDrive\Desktop\enoch-shopping\shop\views.py", line 748, in wishlist_view
    return redirect('login')  # Redirect to login if not authenticated
           ^^^^^^^^^^^^^^^^^
  File "C:\Users\hp\OneDrive\Desktop\enoch-shopping\venv\Lib\site-packages\django\shortcuts.py", line 49, in redirect
    return redirect_class(resolve_url(to, *args, **kwargs))
                          ^^^^^^^^^^^^^^^^^^^^^^^^^^^^^^^^
  File "C:\Users\hp\OneDrive\Desktop\enoch-shopping\venv\Lib\site-packages\django\shortcuts.py", line 180, in resolve_url
    return reverse(to, args=args, kwargs=kwargs)
           ^^^^^^^^^^^^^^^^^^^^^^^^^^^^^^^^^^^^^
  File "C:\Users\hp\OneDrive\Desktop\enoch-shopping\venv\Lib\site-packages\django\urls\base.py", line 88, in reverse
    return resolver._reverse_with_prefix(view, prefix, *args, **kwargs)
           ^^^^^^^^^^^^^^^^^^^^^^^^^^^^^^^^^^^^^^^^^^^^^^^^^^^^^^^^^^^^
  File "C:\Users\hp\OneDrive\Desktop\enoch-shopping\venv\Lib\site-packages\django\urls\resolvers.py", line 831, in _reverse_with_prefix
    raise NoReverseMatch(msg)
django.urls.exceptions.NoReverseMatch: Reverse for 'login' not found. 'login' is not a valid view function or pattern name.
"GET /wishlist/ HTTP/1.1" 500 83602
Internal Server Error: /wishlist/
Traceback (most recent call last):
  File "C:\Users\hp\OneDrive\Desktop\enoch-shopping\venv\Lib\site-packages\django\core\handlers\exception.py", line 55, in inner
    response = get_response(request)
               ^^^^^^^^^^^^^^^^^^^^^
  File "C:\Users\hp\OneDrive\Desktop\enoch-shopping\venv\Lib\site-packages\django\core\handlers\base.py", line 197, in _get_response
    response = wrapped_callback(request, *callback_args, **callback_kwargs)
               ^^^^^^^^^^^^^^^^^^^^^^^^^^^^^^^^^^^^^^^^^^^^^^^^^^^^^^^^^^^^
  File "C:\Users\hp\OneDrive\Desktop\enoch-shopping\shop\views.py", line 748, in wishlist_view
    return redirect('login')  # Redirect to login if not authenticated
           ^^^^^^^^^^^^^^^^^
  File "C:\Users\hp\OneDrive\Desktop\enoch-shopping\venv\Lib\site-packages\django\shortcuts.py", line 49, in redirect
    return redirect_class(resolve_url(to, *args, **kwargs))
                          ^^^^^^^^^^^^^^^^^^^^^^^^^^^^^^^^
  File "C:\Users\hp\OneDrive\Desktop\enoch-shopping\venv\Lib\site-packages\django\shortcuts.py", line 180, in resolve_url
    return reverse(to, args=args, kwargs=kwargs)
           ^^^^^^^^^^^^^^^^^^^^^^^^^^^^^^^^^^^^^
  File "C:\Users\hp\OneDrive\Desktop\enoch-shopping\venv\Lib\site-packages\django\urls\base.py", line 88, in reverse
    return resolver._reverse_with_prefix(view, prefix, *args, **kwargs)
           ^^^^^^^^^^^^^^^^^^^^^^^^^^^^^^^^^^^^^^^^^^^^^^^^^^^^^^^^^^^^
  File "C:\Users\hp\OneDrive\Desktop\enoch-shopping\venv\Lib\site-packages\django\urls\resolvers.py", line 831, in _reverse_with_prefix
    raise NoReverseMatch(msg)
django.urls.exceptions.NoReverseMatch: Reverse for 'login' not found. 'login' is not a valid view function or pattern name.
"GET /wishlist/ HTTP/1.1" 500 83604
Internal Server Error: /wishlist/
Traceback (most recent call last):
  File "C:\Users\hp\OneDrive\Desktop\enoch-shopping\venv\Lib\site-packages\django\core\handlers\exception.py", line 55, in inner
    response = get_response(request)
               ^^^^^^^^^^^^^^^^^^^^^
  File "C:\Users\hp\OneDrive\Desktop\enoch-shopping\venv\Lib\site-packages\django\core\handlers\base.py", line 197, in _get_response
    response = wrapped_callback(request, *callback_args, **callback_kwargs)
               ^^^^^^^^^^^^^^^^^^^^^^^^^^^^^^^^^^^^^^^^^^^^^^^^^^^^^^^^^^^^
  File "C:\Users\hp\OneDrive\Desktop\enoch-shopping\shop\views.py", line 748, in wishlist_view
    return redirect('login')  # Redirect to login if not authenticated
           ^^^^^^^^^^^^^^^^^
  File "C:\Users\hp\OneDrive\Desktop\enoch-shopping\venv\Lib\site-packages\django\shortcuts.py", line 49, in redirect
    return redirect_class(resolve_url(to, *args, **kwargs))
                          ^^^^^^^^^^^^^^^^^^^^^^^^^^^^^^^^
  File "C:\Users\hp\OneDrive\Desktop\enoch-shopping\venv\Lib\site-packages\django\shortcuts.py", line 180, in resolve_url
    return reverse(to, args=args, kwargs=kwargs)
           ^^^^^^^^^^^^^^^^^^^^^^^^^^^^^^^^^^^^^
  File "C:\Users\hp\OneDrive\Desktop\enoch-shopping\venv\Lib\site-packages\django\urls\base.py", line 88, in reverse
    return resolver._reverse_with_prefix(view, prefix, *args, **kwargs)
           ^^^^^^^^^^^^^^^^^^^^^^^^^^^^^^^^^^^^^^^^^^^^^^^^^^^^^^^^^^^^
  File "C:\Users\hp\OneDrive\Desktop\enoch-shopping\venv\Lib\site-packages\django\urls\resolvers.py", line 831, in _reverse_with_prefix
    raise NoReverseMatch(msg)
django.urls.exceptions.NoReverseMatch: Reverse for 'login' not found. 'login' is not a valid view function or pattern name.
"GET /wishlist/ HTTP/1.1" 500 83608
Internal Server Error: /wishlist/
Traceback (most recent call last):
  File "C:\Users\hp\OneDrive\Desktop\enoch-shopping\venv\Lib\site-packages\django\core\handlers\exception.py", line 55, in inner
    response = get_response(request)
               ^^^^^^^^^^^^^^^^^^^^^
  File "C:\Users\hp\OneDrive\Desktop\enoch-shopping\venv\Lib\site-packages\django\core\handlers\base.py", line 197, in _get_response
    response = wrapped_callback(request, *callback_args, **callback_kwargs)
               ^^^^^^^^^^^^^^^^^^^^^^^^^^^^^^^^^^^^^^^^^^^^^^^^^^^^^^^^^^^^
  File "C:\Users\hp\OneDrive\Desktop\enoch-shopping\shop\views.py", line 748, in wishlist_view
    return redirect('login')  # Redirect to login if not authenticated
           ^^^^^^^^^^^^^^^^^
  File "C:\Users\hp\OneDrive\Desktop\enoch-shopping\venv\Lib\site-packages\django\shortcuts.py", line 49, in redirect
    return redirect_class(resolve_url(to, *args, **kwargs))
                          ^^^^^^^^^^^^^^^^^^^^^^^^^^^^^^^^
  File "C:\Users\hp\OneDrive\Desktop\enoch-shopping\venv\Lib\site-packages\django\shortcuts.py", line 180, in resolve_url
    return reverse(to, args=args, kwargs=kwargs)
           ^^^^^^^^^^^^^^^^^^^^^^^^^^^^^^^^^^^^^
  File "C:\Users\hp\OneDrive\Desktop\enoch-shopping\venv\Lib\site-packages\django\urls\base.py", line 88, in reverse
    return resolver._reverse_with_prefix(view, prefix, *args, **kwargs)
           ^^^^^^^^^^^^^^^^^^^^^^^^^^^^^^^^^^^^^^^^^^^^^^^^^^^^^^^^^^^^
  File "C:\Users\hp\OneDrive\Desktop\enoch-shopping\venv\Lib\site-packages\django\urls\resolvers.py", line 831, in _reverse_with_prefix
    raise NoReverseMatch(msg)
django.urls.exceptions.NoReverseMatch: Reverse for 'login' not found. 'login' is not a valid view function or pattern name.
"GET /wishlist/ HTTP/1.1" 500 83606
Internal Server Error: /wishlist/
Traceback (most recent call last):
  File "C:\Users\hp\OneDrive\Desktop\enoch-shopping\venv\Lib\site-packages\django\core\handlers\exception.py", line 55, in inner
    response = get_response(request)
               ^^^^^^^^^^^^^^^^^^^^^
  File "C:\Users\hp\OneDrive\Desktop\enoch-shopping\venv\Lib\site-packages\django\core\handlers\base.py", line 197, in _get_response
    response = wrapped_callback(request, *callback_args, **callback_kwargs)
               ^^^^^^^^^^^^^^^^^^^^^^^^^^^^^^^^^^^^^^^^^^^^^^^^^^^^^^^^^^^^
  File "C:\Users\hp\OneDrive\Desktop\enoch-shopping\shop\views.py", line 748, in wishlist_view
    return redirect('login')  # Redirect to login if not authenticated
           ^^^^^^^^^^^^^^^^^
  File "C:\Users\hp\OneDrive\Desktop\enoch-shopping\venv\Lib\site-packages\django\shortcuts.py", line 49, in redirect
    return redirect_class(resolve_url(to, *args, **kwargs))
                          ^^^^^^^^^^^^^^^^^^^^^^^^^^^^^^^^
  File "C:\Users\hp\OneDrive\Desktop\enoch-shopping\venv\Lib\site-packages\django\shortcuts.py", line 180, in resolve_url
    return reverse(to, args=args, kwargs=kwargs)
           ^^^^^^^^^^^^^^^^^^^^^^^^^^^^^^^^^^^^^
  File "C:\Users\hp\OneDrive\Desktop\enoch-shopping\venv\Lib\site-packages\django\urls\base.py", line 88, in reverse
    return resolver._reverse_with_prefix(view, prefix, *args, **kwargs)
           ^^^^^^^^^^^^^^^^^^^^^^^^^^^^^^^^^^^^^^^^^^^^^^^^^^^^^^^^^^^^
  File "C:\Users\hp\OneDrive\Desktop\enoch-shopping\venv\Lib\site-packages\django\urls\resolvers.py", line 831, in _reverse_with_prefix
    raise NoReverseMatch(msg)
django.urls.exceptions.NoReverseMatch: Reverse for 'login' not found. 'login' is not a valid view function or pattern name.
"GET /wishlist/ HTTP/1.1" 500 83608
Internal Server Error: /wishlist/
Traceback (most recent call last):
  File "C:\Users\hp\OneDrive\Desktop\enoch-shopping\venv\Lib\site-packages\django\core\handlers\exception.py", line 55, in inner
    response = get_response(request)
               ^^^^^^^^^^^^^^^^^^^^^
  File "C:\Users\hp\OneDrive\Desktop\enoch-shopping\venv\Lib\site-packages\django\core\handlers\base.py", line 197, in _get_response
    response = wrapped_callback(request, *callback_args, **callback_kwargs)
               ^^^^^^^^^^^^^^^^^^^^^^^^^^^^^^^^^^^^^^^^^^^^^^^^^^^^^^^^^^^^
  File "C:\Users\hp\OneDrive\Desktop\enoch-shopping\shop\views.py", line 748, in wishlist_view
    return redirect('login')  # Redirect to login if not authenticated
           ^^^^^^^^^^^^^^^^^
  File "C:\Users\hp\OneDrive\Desktop\enoch-shopping\venv\Lib\site-packages\django\shortcuts.py", line 49, in redirect
    return redirect_class(resolve_url(to, *args, **kwargs))
                          ^^^^^^^^^^^^^^^^^^^^^^^^^^^^^^^^
  File "C:\Users\hp\OneDrive\Desktop\enoch-shopping\venv\Lib\site-packages\django\shortcuts.py", line 180, in resolve_url
    return reverse(to, args=args, kwargs=kwargs)
           ^^^^^^^^^^^^^^^^^^^^^^^^^^^^^^^^^^^^^
  File "C:\Users\hp\OneDrive\Desktop\enoch-shopping\venv\Lib\site-packages\django\urls\base.py", line 88, in reverse
    return resolver._reverse_with_prefix(view, prefix, *args, **kwargs)
           ^^^^^^^^^^^^^^^^^^^^^^^^^^^^^^^^^^^^^^^^^^^^^^^^^^^^^^^^^^^^
  File "C:\Users\hp\OneDrive\Desktop\enoch-shopping\venv\Lib\site-packages\django\urls\resolvers.py", line 831, in _reverse_with_prefix
    raise NoReverseMatch(msg)
django.urls.exceptions.NoReverseMatch: Reverse for 'login' not found. 'login' is not a valid view function or pattern name.
"GET /wishlist/ HTTP/1.1" 500 83609
Internal Server Error: /wishlist/
Traceback (most recent call last):
  File "C:\Users\hp\OneDrive\Desktop\enoch-shopping\venv\Lib\site-packages\django\core\handlers\exception.py", line 55, in inner
    response = get_response(request)
               ^^^^^^^^^^^^^^^^^^^^^
  File "C:\Users\hp\OneDrive\Desktop\enoch-shopping\venv\Lib\site-packages\django\core\handlers\base.py", line 197, in _get_response
    response = wrapped_callback(request, *callback_args, **callback_kwargs)
               ^^^^^^^^^^^^^^^^^^^^^^^^^^^^^^^^^^^^^^^^^^^^^^^^^^^^^^^^^^^^
  File "C:\Users\hp\OneDrive\Desktop\enoch-shopping\shop\views.py", line 748, in wishlist_view
    return redirect('login')  # Redirect to login if not authenticated
           ^^^^^^^^^^^^^^^^^
  File "C:\Users\hp\OneDrive\Desktop\enoch-shopping\venv\Lib\site-packages\django\shortcuts.py", line 49, in redirect
    return redirect_class(resolve_url(to, *args, **kwargs))
                          ^^^^^^^^^^^^^^^^^^^^^^^^^^^^^^^^
  File "C:\Users\hp\OneDrive\Desktop\enoch-shopping\venv\Lib\site-packages\django\shortcuts.py", line 180, in resolve_url
    return reverse(to, args=args, kwargs=kwargs)
           ^^^^^^^^^^^^^^^^^^^^^^^^^^^^^^^^^^^^^
  File "C:\Users\hp\OneDrive\Desktop\enoch-shopping\venv\Lib\site-packages\django\urls\base.py", line 88, in reverse
    return resolver._reverse_with_prefix(view, prefix, *args, **kwargs)
           ^^^^^^^^^^^^^^^^^^^^^^^^^^^^^^^^^^^^^^^^^^^^^^^^^^^^^^^^^^^^
  File "C:\Users\hp\OneDrive\Desktop\enoch-shopping\venv\Lib\site-packages\django\urls\resolvers.py", line 831, in _reverse_with_prefix
    raise NoReverseMatch(msg)
django.urls.exceptions.NoReverseMatch: Reverse for 'login' not found. 'login' is not a valid view function or pattern name.
"GET /wishlist/ HTTP/1.1" 500 83610
Internal Server Error: /wishlist/
Traceback (most recent call last):
  File "C:\Users\hp\OneDrive\Desktop\enoch-shopping\venv\Lib\site-packages\django\core\handlers\exception.py", line 55, in inner
    response = get_response(request)
               ^^^^^^^^^^^^^^^^^^^^^
  File "C:\Users\hp\OneDrive\Desktop\enoch-shopping\venv\Lib\site-packages\django\core\handlers\base.py", line 197, in _get_response
    response = wrapped_callback(request, *callback_args, **callback_kwargs)
               ^^^^^^^^^^^^^^^^^^^^^^^^^^^^^^^^^^^^^^^^^^^^^^^^^^^^^^^^^^^^
  File "C:\Users\hp\OneDrive\Desktop\enoch-shopping\shop\views.py", line 748, in wishlist_view
    return redirect('login')  # Redirect to login if not authenticated
           ^^^^^^^^^^^^^^^^^
  File "C:\Users\hp\OneDrive\Desktop\enoch-shopping\venv\Lib\site-packages\django\shortcuts.py", line 49, in redirect
    return redirect_class(resolve_url(to, *args, **kwargs))
                          ^^^^^^^^^^^^^^^^^^^^^^^^^^^^^^^^
  File "C:\Users\hp\OneDrive\Desktop\enoch-shopping\venv\Lib\site-packages\django\shortcuts.py", line 180, in resolve_url
    return reverse(to, args=args, kwargs=kwargs)
           ^^^^^^^^^^^^^^^^^^^^^^^^^^^^^^^^^^^^^
  File "C:\Users\hp\OneDrive\Desktop\enoch-shopping\venv\Lib\site-packages\django\urls\base.py", line 88, in reverse
    return resolver._reverse_with_prefix(view, prefix, *args, **kwargs)
           ^^^^^^^^^^^^^^^^^^^^^^^^^^^^^^^^^^^^^^^^^^^^^^^^^^^^^^^^^^^^
  File "C:\Users\hp\OneDrive\Desktop\enoch-shopping\venv\Lib\site-packages\django\urls\resolvers.py", line 831, in _reverse_with_prefix
    raise NoReverseMatch(msg)
django.urls.exceptions.NoReverseMatch: Reverse for 'login' not found. 'login' is not a valid view function or pattern name.
"GET /wishlist/ HTTP/1.1" 500 83610
Internal Server Error: /wishlist/
Traceback (most recent call last):
  File "C:\Users\hp\OneDrive\Desktop\enoch-shopping\venv\Lib\site-packages\django\core\handlers\exception.py", line 55, in inner
    response = get_response(request)
               ^^^^^^^^^^^^^^^^^^^^^
  File "C:\Users\hp\OneDrive\Desktop\enoch-shopping\venv\Lib\site-packages\django\core\handlers\base.py", line 197, in _get_response
    response = wrapped_callback(request, *callback_args, **callback_kwargs)
               ^^^^^^^^^^^^^^^^^^^^^^^^^^^^^^^^^^^^^^^^^^^^^^^^^^^^^^^^^^^^
  File "C:\Users\hp\OneDrive\Desktop\enoch-shopping\shop\views.py", line 748, in wishlist_view
    return redirect('login')  # Redirect to login if not authenticated
           ^^^^^^^^^^^^^^^^^
  File "C:\Users\hp\OneDrive\Desktop\enoch-shopping\venv\Lib\site-packages\django\shortcuts.py", line 49, in redirect
    return redirect_class(resolve_url(to, *args, **kwargs))
                          ^^^^^^^^^^^^^^^^^^^^^^^^^^^^^^^^
  File "C:\Users\hp\OneDrive\Desktop\enoch-shopping\venv\Lib\site-packages\django\shortcuts.py", line 180, in resolve_url
    return reverse(to, args=args, kwargs=kwargs)
           ^^^^^^^^^^^^^^^^^^^^^^^^^^^^^^^^^^^^^
  File "C:\Users\hp\OneDrive\Desktop\enoch-shopping\venv\Lib\site-packages\django\urls\base.py", line 88, in reverse
    return resolver._reverse_with_prefix(view, prefix, *args, **kwargs)
           ^^^^^^^^^^^^^^^^^^^^^^^^^^^^^^^^^^^^^^^^^^^^^^^^^^^^^^^^^^^^
  File "C:\Users\hp\OneDrive\Desktop\enoch-shopping\venv\Lib\site-packages\django\urls\resolvers.py", line 831, in _reverse_with_prefix
    raise NoReverseMatch(msg)
django.urls.exceptions.NoReverseMatch: Reverse for 'login' not found. 'login' is not a valid view function or pattern name.
"GET /wishlist/ HTTP/1.1" 500 83610
Internal Server Error: /wishlist/
Traceback (most recent call last):
  File "C:\Users\hp\OneDrive\Desktop\enoch-shopping\venv\Lib\site-packages\django\core\handlers\exception.py", line 55, in inner
    response = get_response(request)
               ^^^^^^^^^^^^^^^^^^^^^
  File "C:\Users\hp\OneDrive\Desktop\enoch-shopping\venv\Lib\site-packages\django\core\handlers\base.py", line 197, in _get_response
    response = wrapped_callback(request, *callback_args, **callback_kwargs)
               ^^^^^^^^^^^^^^^^^^^^^^^^^^^^^^^^^^^^^^^^^^^^^^^^^^^^^^^^^^^^
  File "C:\Users\hp\OneDrive\Desktop\enoch-shopping\shop\views.py", line 748, in wishlist_view
    return redirect('login')  # Redirect to login if not authenticated
           ^^^^^^^^^^^^^^^^^
  File "C:\Users\hp\OneDrive\Desktop\enoch-shopping\venv\Lib\site-packages\django\shortcuts.py", line 49, in redirect
    return redirect_class(resolve_url(to, *args, **kwargs))
                          ^^^^^^^^^^^^^^^^^^^^^^^^^^^^^^^^
  File "C:\Users\hp\OneDrive\Desktop\enoch-shopping\venv\Lib\site-packages\django\shortcuts.py", line 180, in resolve_url
    return reverse(to, args=args, kwargs=kwargs)
           ^^^^^^^^^^^^^^^^^^^^^^^^^^^^^^^^^^^^^
  File "C:\Users\hp\OneDrive\Desktop\enoch-shopping\venv\Lib\site-packages\django\urls\base.py", line 88, in reverse
    return resolver._reverse_with_prefix(view, prefix, *args, **kwargs)
           ^^^^^^^^^^^^^^^^^^^^^^^^^^^^^^^^^^^^^^^^^^^^^^^^^^^^^^^^^^^^
  File "C:\Users\hp\OneDrive\Desktop\enoch-shopping\venv\Lib\site-packages\django\urls\resolvers.py", line 831, in _reverse_with_prefix
    raise NoReverseMatch(msg)
django.urls.exceptions.NoReverseMatch: Reverse for 'login' not found. 'login' is not a valid view function or pattern name.
"GET /wishlist/ HTTP/1.1" 500 83613
Internal Server Error: /wishlist/
Traceback (most recent call last):
  File "C:\Users\hp\OneDrive\Desktop\enoch-shopping\venv\Lib\site-packages\django\core\handlers\exception.py", line 55, in inner
    response = get_response(request)
               ^^^^^^^^^^^^^^^^^^^^^
  File "C:\Users\hp\OneDrive\Desktop\enoch-shopping\venv\Lib\site-packages\django\core\handlers\base.py", line 197, in _get_response
    response = wrapped_callback(request, *callback_args, **callback_kwargs)
               ^^^^^^^^^^^^^^^^^^^^^^^^^^^^^^^^^^^^^^^^^^^^^^^^^^^^^^^^^^^^
  File "C:\Users\hp\OneDrive\Desktop\enoch-shopping\shop\views.py", line 748, in wishlist_view
    return redirect('login')  # Redirect to login if not authenticated
           ^^^^^^^^^^^^^^^^^
  File "C:\Users\hp\OneDrive\Desktop\enoch-shopping\venv\Lib\site-packages\django\shortcuts.py", line 49, in redirect
    return redirect_class(resolve_url(to, *args, **kwargs))
                          ^^^^^^^^^^^^^^^^^^^^^^^^^^^^^^^^
  File "C:\Users\hp\OneDrive\Desktop\enoch-shopping\venv\Lib\site-packages\django\shortcuts.py", line 180, in resolve_url
    return reverse(to, args=args, kwargs=kwargs)
           ^^^^^^^^^^^^^^^^^^^^^^^^^^^^^^^^^^^^^
  File "C:\Users\hp\OneDrive\Desktop\enoch-shopping\venv\Lib\site-packages\django\urls\base.py", line 88, in reverse
    return resolver._reverse_with_prefix(view, prefix, *args, **kwargs)
           ^^^^^^^^^^^^^^^^^^^^^^^^^^^^^^^^^^^^^^^^^^^^^^^^^^^^^^^^^^^^
  File "C:\Users\hp\OneDrive\Desktop\enoch-shopping\venv\Lib\site-packages\django\urls\resolvers.py", line 831, in _reverse_with_prefix
    raise NoReverseMatch(msg)
django.urls.exceptions.NoReverseMatch: Reverse for 'login' not found. 'login' is not a valid view function or pattern name.
"GET /wishlist/ HTTP/1.1" 500 83612
Internal Server Error: /wishlist/
Traceback (most recent call last):
  File "C:\Users\hp\OneDrive\Desktop\enoch-shopping\venv\Lib\site-packages\django\core\handlers\exception.py", line 55, in inner
    response = get_response(request)
               ^^^^^^^^^^^^^^^^^^^^^
  File "C:\Users\hp\OneDrive\Desktop\enoch-shopping\venv\Lib\site-packages\django\core\handlers\base.py", line 197, in _get_response
    response = wrapped_callback(request, *callback_args, **callback_kwargs)
               ^^^^^^^^^^^^^^^^^^^^^^^^^^^^^^^^^^^^^^^^^^^^^^^^^^^^^^^^^^^^
  File "C:\Users\hp\OneDrive\Desktop\enoch-shopping\shop\views.py", line 748, in wishlist_view
    return redirect('login')  # Redirect to login if not authenticated
           ^^^^^^^^^^^^^^^^^
  File "C:\Users\hp\OneDrive\Desktop\enoch-shopping\venv\Lib\site-packages\django\shortcuts.py", line 49, in redirect
    return redirect_class(resolve_url(to, *args, **kwargs))
                          ^^^^^^^^^^^^^^^^^^^^^^^^^^^^^^^^
  File "C:\Users\hp\OneDrive\Desktop\enoch-shopping\venv\Lib\site-packages\django\shortcuts.py", line 180, in resolve_url
    return reverse(to, args=args, kwargs=kwargs)
           ^^^^^^^^^^^^^^^^^^^^^^^^^^^^^^^^^^^^^
  File "C:\Users\hp\OneDrive\Desktop\enoch-shopping\venv\Lib\site-packages\django\urls\base.py", line 88, in reverse
    return resolver._reverse_with_prefix(view, prefix, *args, **kwargs)
           ^^^^^^^^^^^^^^^^^^^^^^^^^^^^^^^^^^^^^^^^^^^^^^^^^^^^^^^^^^^^
  File "C:\Users\hp\OneDrive\Desktop\enoch-shopping\venv\Lib\site-packages\django\urls\resolvers.py", line 831, in _reverse_with_prefix
    raise NoReverseMatch(msg)
django.urls.exceptions.NoReverseMatch: Reverse for 'login' not found. 'login' is not a valid view function or pattern name.
"GET /wishlist/ HTTP/1.1" 500 83612
Internal Server Error: /wishlist/
Traceback (most recent call last):
  File "C:\Users\hp\OneDrive\Desktop\enoch-shopping\venv\Lib\site-packages\django\core\handlers\exception.py", line 55, in inner
    response = get_response(request)
               ^^^^^^^^^^^^^^^^^^^^^
  File "C:\Users\hp\OneDrive\Desktop\enoch-shopping\venv\Lib\site-packages\django\core\handlers\base.py", line 197, in _get_response
    response = wrapped_callback(request, *callback_args, **callback_kwargs)
               ^^^^^^^^^^^^^^^^^^^^^^^^^^^^^^^^^^^^^^^^^^^^^^^^^^^^^^^^^^^^
  File "C:\Users\hp\OneDrive\Desktop\enoch-shopping\shop\views.py", line 748, in wishlist_view
    return redirect('login')  # Redirect to login if not authenticated
           ^^^^^^^^^^^^^^^^^
  File "C:\Users\hp\OneDrive\Desktop\enoch-shopping\venv\Lib\site-packages\django\shortcuts.py", line 49, in redirect
    return redirect_class(resolve_url(to, *args, **kwargs))
                          ^^^^^^^^^^^^^^^^^^^^^^^^^^^^^^^^
  File "C:\Users\hp\OneDrive\Desktop\enoch-shopping\venv\Lib\site-packages\django\shortcuts.py", line 180, in resolve_url
    return reverse(to, args=args, kwargs=kwargs)
           ^^^^^^^^^^^^^^^^^^^^^^^^^^^^^^^^^^^^^
  File "C:\Users\hp\OneDrive\Desktop\enoch-shopping\venv\Lib\site-packages\django\urls\base.py", line 88, in reverse
    return resolver._reverse_with_prefix(view, prefix, *args, **kwargs)
           ^^^^^^^^^^^^^^^^^^^^^^^^^^^^^^^^^^^^^^^^^^^^^^^^^^^^^^^^^^^^
  File "C:\Users\hp\OneDrive\Desktop\enoch-shopping\venv\Lib\site-packages\django\urls\resolvers.py", line 831, in _reverse_with_prefix
    raise NoReverseMatch(msg)
django.urls.exceptions.NoReverseMatch: Reverse for 'login' not found. 'login' is not a valid view function or pattern name.
"GET /wishlist/ HTTP/1.1" 500 83614
Internal Server Error: /wishlist/
Traceback (most recent call last):
  File "C:\Users\hp\OneDrive\Desktop\enoch-shopping\venv\Lib\site-packages\django\core\handlers\exception.py", line 55, in inner
    response = get_response(request)
               ^^^^^^^^^^^^^^^^^^^^^
  File "C:\Users\hp\OneDrive\Desktop\enoch-shopping\venv\Lib\site-packages\django\core\handlers\base.py", line 197, in _get_response
    response = wrapped_callback(request, *callback_args, **callback_kwargs)
               ^^^^^^^^^^^^^^^^^^^^^^^^^^^^^^^^^^^^^^^^^^^^^^^^^^^^^^^^^^^^
  File "C:\Users\hp\OneDrive\Desktop\enoch-shopping\shop\views.py", line 748, in wishlist_view
    return redirect('login')  # Redirect to login if not authenticated
           ^^^^^^^^^^^^^^^^^
  File "C:\Users\hp\OneDrive\Desktop\enoch-shopping\venv\Lib\site-packages\django\shortcuts.py", line 49, in redirect
    return redirect_class(resolve_url(to, *args, **kwargs))
                          ^^^^^^^^^^^^^^^^^^^^^^^^^^^^^^^^
  File "C:\Users\hp\OneDrive\Desktop\enoch-shopping\venv\Lib\site-packages\django\shortcuts.py", line 180, in resolve_url
    return reverse(to, args=args, kwargs=kwargs)
           ^^^^^^^^^^^^^^^^^^^^^^^^^^^^^^^^^^^^^
  File "C:\Users\hp\OneDrive\Desktop\enoch-shopping\venv\Lib\site-packages\django\urls\base.py", line 88, in reverse
    return resolver._reverse_with_prefix(view, prefix, *args, **kwargs)
           ^^^^^^^^^^^^^^^^^^^^^^^^^^^^^^^^^^^^^^^^^^^^^^^^^^^^^^^^^^^^
  File "C:\Users\hp\OneDrive\Desktop\enoch-shopping\venv\Lib\site-packages\django\urls\resolvers.py", line 831, in _reverse_with_prefix
    raise NoReverseMatch(msg)
django.urls.exceptions.NoReverseMatch: Reverse for 'login' not found. 'login' is not a valid view function or pattern name.
"GET /wishlist/ HTTP/1.1" 500 83614
Internal Server Error: /wishlist/
Traceback (most recent call last):
  File "C:\Users\hp\OneDrive\Desktop\enoch-shopping\venv\Lib\site-packages\django\core\handlers\exception.py", line 55, in inner
    response = get_response(request)
               ^^^^^^^^^^^^^^^^^^^^^
  File "C:\Users\hp\OneDrive\Desktop\enoch-shopping\venv\Lib\site-packages\django\core\handlers\base.py", line 197, in _get_response
    response = wrapped_callback(request, *callback_args, **callback_kwargs)
               ^^^^^^^^^^^^^^^^^^^^^^^^^^^^^^^^^^^^^^^^^^^^^^^^^^^^^^^^^^^^
  File "C:\Users\hp\OneDrive\Desktop\enoch-shopping\shop\views.py", line 748, in wishlist_view
    return redirect('login')  # Redirect to login if not authenticated
           ^^^^^^^^^^^^^^^^^
  File "C:\Users\hp\OneDrive\Desktop\enoch-shopping\venv\Lib\site-packages\django\shortcuts.py", line 49, in redirect
    return redirect_class(resolve_url(to, *args, **kwargs))
                          ^^^^^^^^^^^^^^^^^^^^^^^^^^^^^^^^
  File "C:\Users\hp\OneDrive\Desktop\enoch-shopping\venv\Lib\site-packages\django\shortcuts.py", line 180, in resolve_url
    return reverse(to, args=args, kwargs=kwargs)
           ^^^^^^^^^^^^^^^^^^^^^^^^^^^^^^^^^^^^^
  File "C:\Users\hp\OneDrive\Desktop\enoch-shopping\venv\Lib\site-packages\django\urls\base.py", line 88, in reverse
    return resolver._reverse_with_prefix(view, prefix, *args, **kwargs)
           ^^^^^^^^^^^^^^^^^^^^^^^^^^^^^^^^^^^^^^^^^^^^^^^^^^^^^^^^^^^^
  File "C:\Users\hp\OneDrive\Desktop\enoch-shopping\venv\Lib\site-packages\django\urls\resolvers.py", line 831, in _reverse_with_prefix
    raise NoReverseMatch(msg)
django.urls.exceptions.NoReverseMatch: Reverse for 'login' not found. 'login' is not a valid view function or pattern name.
"GET /wishlist/ HTTP/1.1" 500 83614
Internal Server Error: /wishlist/
Traceback (most recent call last):
  File "C:\Users\hp\OneDrive\Desktop\enoch-shopping\venv\Lib\site-packages\django\core\handlers\exception.py", line 55, in inner
    response = get_response(request)
               ^^^^^^^^^^^^^^^^^^^^^
  File "C:\Users\hp\OneDrive\Desktop\enoch-shopping\venv\Lib\site-packages\django\core\handlers\base.py", line 197, in _get_response
    response = wrapped_callback(request, *callback_args, **callback_kwargs)
               ^^^^^^^^^^^^^^^^^^^^^^^^^^^^^^^^^^^^^^^^^^^^^^^^^^^^^^^^^^^^
  File "C:\Users\hp\OneDrive\Desktop\enoch-shopping\shop\views.py", line 748, in wishlist_view
    return redirect('login')  # Redirect to login if not authenticated
           ^^^^^^^^^^^^^^^^^
  File "C:\Users\hp\OneDrive\Desktop\enoch-shopping\venv\Lib\site-packages\django\shortcuts.py", line 49, in redirect
    return redirect_class(resolve_url(to, *args, **kwargs))
                          ^^^^^^^^^^^^^^^^^^^^^^^^^^^^^^^^
  File "C:\Users\hp\OneDrive\Desktop\enoch-shopping\venv\Lib\site-packages\django\shortcuts.py", line 180, in resolve_url
    return reverse(to, args=args, kwargs=kwargs)
           ^^^^^^^^^^^^^^^^^^^^^^^^^^^^^^^^^^^^^
  File "C:\Users\hp\OneDrive\Desktop\enoch-shopping\venv\Lib\site-packages\django\urls\base.py", line 88, in reverse
    return resolver._reverse_with_prefix(view, prefix, *args, **kwargs)
           ^^^^^^^^^^^^^^^^^^^^^^^^^^^^^^^^^^^^^^^^^^^^^^^^^^^^^^^^^^^^
  File "C:\Users\hp\OneDrive\Desktop\enoch-shopping\venv\Lib\site-packages\django\urls\resolvers.py", line 831, in _reverse_with_prefix
    raise NoReverseMatch(msg)
django.urls.exceptions.NoReverseMatch: Reverse for 'login' not found. 'login' is not a valid view function or pattern name.
"GET /wishlist/ HTTP/1.1" 500 83616
Internal Server Error: /wishlist/
Traceback (most recent call last):
  File "C:\Users\hp\OneDrive\Desktop\enoch-shopping\venv\Lib\site-packages\django\core\handlers\exception.py", line 55, in inner
    response = get_response(request)
               ^^^^^^^^^^^^^^^^^^^^^
  File "C:\Users\hp\OneDrive\Desktop\enoch-shopping\venv\Lib\site-packages\django\core\handlers\base.py", line 197, in _get_response
    response = wrapped_callback(request, *callback_args, **callback_kwargs)
               ^^^^^^^^^^^^^^^^^^^^^^^^^^^^^^^^^^^^^^^^^^^^^^^^^^^^^^^^^^^^
  File "C:\Users\hp\OneDrive\Desktop\enoch-shopping\shop\views.py", line 748, in wishlist_view
    return redirect('login')  # Redirect to login if not authenticated
           ^^^^^^^^^^^^^^^^^
  File "C:\Users\hp\OneDrive\Desktop\enoch-shopping\venv\Lib\site-packages\django\shortcuts.py", line 49, in redirect
    return redirect_class(resolve_url(to, *args, **kwargs))
                          ^^^^^^^^^^^^^^^^^^^^^^^^^^^^^^^^
  File "C:\Users\hp\OneDrive\Desktop\enoch-shopping\venv\Lib\site-packages\django\shortcuts.py", line 180, in resolve_url
    return reverse(to, args=args, kwargs=kwargs)
           ^^^^^^^^^^^^^^^^^^^^^^^^^^^^^^^^^^^^^
  File "C:\Users\hp\OneDrive\Desktop\enoch-shopping\venv\Lib\site-packages\django\urls\base.py", line 88, in reverse
    return resolver._reverse_with_prefix(view, prefix, *args, **kwargs)
           ^^^^^^^^^^^^^^^^^^^^^^^^^^^^^^^^^^^^^^^^^^^^^^^^^^^^^^^^^^^^
  File "C:\Users\hp\OneDrive\Desktop\enoch-shopping\venv\Lib\site-packages\django\urls\resolvers.py", line 831, in _reverse_with_prefix
    raise NoReverseMatch(msg)
django.urls.exceptions.NoReverseMatch: Reverse for 'login' not found. 'login' is not a valid view function or pattern name.
"GET /wishlist/ HTTP/1.1" 500 83617
Internal Server Error: /wishlist/
Traceback (most recent call last):
  File "C:\Users\hp\OneDrive\Desktop\enoch-shopping\venv\Lib\site-packages\django\core\handlers\exception.py", line 55, in inner
    response = get_response(request)
               ^^^^^^^^^^^^^^^^^^^^^
  File "C:\Users\hp\OneDrive\Desktop\enoch-shopping\venv\Lib\site-packages\django\core\handlers\base.py", line 197, in _get_response
    response = wrapped_callback(request, *callback_args, **callback_kwargs)
               ^^^^^^^^^^^^^^^^^^^^^^^^^^^^^^^^^^^^^^^^^^^^^^^^^^^^^^^^^^^^
  File "C:\Users\hp\OneDrive\Desktop\enoch-shopping\shop\views.py", line 748, in wishlist_view
    return redirect('login')  # Redirect to login if not authenticated
           ^^^^^^^^^^^^^^^^^
  File "C:\Users\hp\OneDrive\Desktop\enoch-shopping\venv\Lib\site-packages\django\shortcuts.py", line 49, in redirect
    return redirect_class(resolve_url(to, *args, **kwargs))
                          ^^^^^^^^^^^^^^^^^^^^^^^^^^^^^^^^
  File "C:\Users\hp\OneDrive\Desktop\enoch-shopping\venv\Lib\site-packages\django\shortcuts.py", line 180, in resolve_url
    return reverse(to, args=args, kwargs=kwargs)
           ^^^^^^^^^^^^^^^^^^^^^^^^^^^^^^^^^^^^^
  File "C:\Users\hp\OneDrive\Desktop\enoch-shopping\venv\Lib\site-packages\django\urls\base.py", line 88, in reverse
    return resolver._reverse_with_prefix(view, prefix, *args, **kwargs)
           ^^^^^^^^^^^^^^^^^^^^^^^^^^^^^^^^^^^^^^^^^^^^^^^^^^^^^^^^^^^^
  File "C:\Users\hp\OneDrive\Desktop\enoch-shopping\venv\Lib\site-packages\django\urls\resolvers.py", line 831, in _reverse_with_prefix
    raise NoReverseMatch(msg)
django.urls.exceptions.NoReverseMatch: Reverse for 'login' not found. 'login' is not a valid view function or pattern name.
"GET /wishlist/ HTTP/1.1" 500 83617
Internal Server Error: /wishlist/
Traceback (most recent call last):
  File "C:\Users\hp\OneDrive\Desktop\enoch-shopping\venv\Lib\site-packages\django\core\handlers\exception.py", line 55, in inner
    response = get_response(request)
               ^^^^^^^^^^^^^^^^^^^^^
  File "C:\Users\hp\OneDrive\Desktop\enoch-shopping\venv\Lib\site-packages\django\core\handlers\base.py", line 197, in _get_response
    response = wrapped_callback(request, *callback_args, **callback_kwargs)
               ^^^^^^^^^^^^^^^^^^^^^^^^^^^^^^^^^^^^^^^^^^^^^^^^^^^^^^^^^^^^
  File "C:\Users\hp\OneDrive\Desktop\enoch-shopping\shop\views.py", line 748, in wishlist_view
    return redirect('login')  # Redirect to login if not authenticated
           ^^^^^^^^^^^^^^^^^
  File "C:\Users\hp\OneDrive\Desktop\enoch-shopping\venv\Lib\site-packages\django\shortcuts.py", line 49, in redirect
    return redirect_class(resolve_url(to, *args, **kwargs))
                          ^^^^^^^^^^^^^^^^^^^^^^^^^^^^^^^^
  File "C:\Users\hp\OneDrive\Desktop\enoch-shopping\venv\Lib\site-packages\django\shortcuts.py", line 180, in resolve_url
    return reverse(to, args=args, kwargs=kwargs)
           ^^^^^^^^^^^^^^^^^^^^^^^^^^^^^^^^^^^^^
  File "C:\Users\hp\OneDrive\Desktop\enoch-shopping\venv\Lib\site-packages\django\urls\base.py", line 88, in reverse
    return resolver._reverse_with_prefix(view, prefix, *args, **kwargs)
           ^^^^^^^^^^^^^^^^^^^^^^^^^^^^^^^^^^^^^^^^^^^^^^^^^^^^^^^^^^^^
  File "C:\Users\hp\OneDrive\Desktop\enoch-shopping\venv\Lib\site-packages\django\urls\resolvers.py", line 831, in _reverse_with_prefix
    raise NoReverseMatch(msg)
django.urls.exceptions.NoReverseMatch: Reverse for 'login' not found. 'login' is not a valid view function or pattern name.
"GET /wishlist/ HTTP/1.1" 500 83617
Internal Server Error: /wishlist/
Traceback (most recent call last):
  File "C:\Users\hp\OneDrive\Desktop\enoch-shopping\venv\Lib\site-packages\django\core\handlers\exception.py", line 55, in inner
    response = get_response(request)
               ^^^^^^^^^^^^^^^^^^^^^
  File "C:\Users\hp\OneDrive\Desktop\enoch-shopping\venv\Lib\site-packages\django\core\handlers\base.py", line 197, in _get_response
    response = wrapped_callback(request, *callback_args, **callback_kwargs)
               ^^^^^^^^^^^^^^^^^^^^^^^^^^^^^^^^^^^^^^^^^^^^^^^^^^^^^^^^^^^^
  File "C:\Users\hp\OneDrive\Desktop\enoch-shopping\shop\views.py", line 748, in wishlist_view
    return redirect('login')  # Redirect to login if not authenticated
           ^^^^^^^^^^^^^^^^^
  File "C:\Users\hp\OneDrive\Desktop\enoch-shopping\venv\Lib\site-packages\django\shortcuts.py", line 49, in redirect
    return redirect_class(resolve_url(to, *args, **kwargs))
                          ^^^^^^^^^^^^^^^^^^^^^^^^^^^^^^^^
  File "C:\Users\hp\OneDrive\Desktop\enoch-shopping\venv\Lib\site-packages\django\shortcuts.py", line 180, in resolve_url
    return reverse(to, args=args, kwargs=kwargs)
           ^^^^^^^^^^^^^^^^^^^^^^^^^^^^^^^^^^^^^
  File "C:\Users\hp\OneDrive\Desktop\enoch-shopping\venv\Lib\site-packages\django\urls\base.py", line 88, in reverse
    return resolver._reverse_with_prefix(view, prefix, *args, **kwargs)
           ^^^^^^^^^^^^^^^^^^^^^^^^^^^^^^^^^^^^^^^^^^^^^^^^^^^^^^^^^^^^
  File "C:\Users\hp\OneDrive\Desktop\enoch-shopping\venv\Lib\site-packages\django\urls\resolvers.py", line 831, in _reverse_with_prefix
    raise NoReverseMatch(msg)
django.urls.exceptions.NoReverseMatch: Reverse for 'login' not found. 'login' is not a valid view function or pattern name.
"GET /wishlist/ HTTP/1.1" 500 83620
Internal Server Error: /wishlist/
Traceback (most recent call last):
  File "C:\Users\hp\OneDrive\Desktop\enoch-shopping\venv\Lib\site-packages\django\core\handlers\exception.py", line 55, in inner
    response = get_response(request)
               ^^^^^^^^^^^^^^^^^^^^^
  File "C:\Users\hp\OneDrive\Desktop\enoch-shopping\venv\Lib\site-packages\django\core\handlers\base.py", line 197, in _get_response
    response = wrapped_callback(request, *callback_args, **callback_kwargs)
               ^^^^^^^^^^^^^^^^^^^^^^^^^^^^^^^^^^^^^^^^^^^^^^^^^^^^^^^^^^^^
  File "C:\Users\hp\OneDrive\Desktop\enoch-shopping\shop\views.py", line 748, in wishlist_view
    return redirect('login')  # Redirect to login if not authenticated
           ^^^^^^^^^^^^^^^^^
  File "C:\Users\hp\OneDrive\Desktop\enoch-shopping\venv\Lib\site-packages\django\shortcuts.py", line 49, in redirect
    return redirect_class(resolve_url(to, *args, **kwargs))
                          ^^^^^^^^^^^^^^^^^^^^^^^^^^^^^^^^
  File "C:\Users\hp\OneDrive\Desktop\enoch-shopping\venv\Lib\site-packages\django\shortcuts.py", line 180, in resolve_url
    return reverse(to, args=args, kwargs=kwargs)
           ^^^^^^^^^^^^^^^^^^^^^^^^^^^^^^^^^^^^^
  File "C:\Users\hp\OneDrive\Desktop\enoch-shopping\venv\Lib\site-packages\django\urls\base.py", line 88, in reverse
    return resolver._reverse_with_prefix(view, prefix, *args, **kwargs)
           ^^^^^^^^^^^^^^^^^^^^^^^^^^^^^^^^^^^^^^^^^^^^^^^^^^^^^^^^^^^^
  File "C:\Users\hp\OneDrive\Desktop\enoch-shopping\venv\Lib\site-packages\django\urls\resolvers.py", line 831, in _reverse_with_prefix
    raise NoReverseMatch(msg)
django.urls.exceptions.NoReverseMatch: Reverse for 'login' not found. 'login' is not a valid view function or pattern name.
"GET /wishlist/ HTTP/1.1" 500 83618
Internal Server Error: /wishlist/
Traceback (most recent call last):
  File "C:\Users\hp\OneDrive\Desktop\enoch-shopping\venv\Lib\site-packages\django\core\handlers\exception.py", line 55, in inner
    response = get_response(request)
               ^^^^^^^^^^^^^^^^^^^^^
  File "C:\Users\hp\OneDrive\Desktop\enoch-shopping\venv\Lib\site-packages\django\core\handlers\base.py", line 197, in _get_response
    response = wrapped_callback(request, *callback_args, **callback_kwargs)
               ^^^^^^^^^^^^^^^^^^^^^^^^^^^^^^^^^^^^^^^^^^^^^^^^^^^^^^^^^^^^
  File "C:\Users\hp\OneDrive\Desktop\enoch-shopping\shop\views.py", line 748, in wishlist_view
    return redirect('login')  # Redirect to login if not authenticated
           ^^^^^^^^^^^^^^^^^
  File "C:\Users\hp\OneDrive\Desktop\enoch-shopping\venv\Lib\site-packages\django\shortcuts.py", line 49, in redirect
    return redirect_class(resolve_url(to, *args, **kwargs))
                          ^^^^^^^^^^^^^^^^^^^^^^^^^^^^^^^^
  File "C:\Users\hp\OneDrive\Desktop\enoch-shopping\venv\Lib\site-packages\django\shortcuts.py", line 180, in resolve_url
    return reverse(to, args=args, kwargs=kwargs)
           ^^^^^^^^^^^^^^^^^^^^^^^^^^^^^^^^^^^^^
  File "C:\Users\hp\OneDrive\Desktop\enoch-shopping\venv\Lib\site-packages\django\urls\base.py", line 88, in reverse
    return resolver._reverse_with_prefix(view, prefix, *args, **kwargs)
           ^^^^^^^^^^^^^^^^^^^^^^^^^^^^^^^^^^^^^^^^^^^^^^^^^^^^^^^^^^^^
  File "C:\Users\hp\OneDrive\Desktop\enoch-shopping\venv\Lib\site-packages\django\urls\resolvers.py", line 831, in _reverse_with_prefix
    raise NoReverseMatch(msg)
django.urls.exceptions.NoReverseMatch: Reverse for 'login' not found. 'login' is not a valid view function or pattern name.
"GET /wishlist/ HTTP/1.1" 500 83618
Internal Server Error: /wishlist/
Traceback (most recent call last):
  File "C:\Users\hp\OneDrive\Desktop\enoch-shopping\venv\Lib\site-packages\django\core\handlers\exception.py", line 55, in inner
    response = get_response(request)
               ^^^^^^^^^^^^^^^^^^^^^
  File "C:\Users\hp\OneDrive\Desktop\enoch-shopping\venv\Lib\site-packages\django\core\handlers\base.py", line 197, in _get_response
    response = wrapped_callback(request, *callback_args, **callback_kwargs)
               ^^^^^^^^^^^^^^^^^^^^^^^^^^^^^^^^^^^^^^^^^^^^^^^^^^^^^^^^^^^^
  File "C:\Users\hp\OneDrive\Desktop\enoch-shopping\shop\views.py", line 748, in wishlist_view
    return redirect('login')  # Redirect to login if not authenticated
           ^^^^^^^^^^^^^^^^^
  File "C:\Users\hp\OneDrive\Desktop\enoch-shopping\venv\Lib\site-packages\django\shortcuts.py", line 49, in redirect
    return redirect_class(resolve_url(to, *args, **kwargs))
                          ^^^^^^^^^^^^^^^^^^^^^^^^^^^^^^^^
  File "C:\Users\hp\OneDrive\Desktop\enoch-shopping\venv\Lib\site-packages\django\shortcuts.py", line 180, in resolve_url
    return reverse(to, args=args, kwargs=kwargs)
           ^^^^^^^^^^^^^^^^^^^^^^^^^^^^^^^^^^^^^
  File "C:\Users\hp\OneDrive\Desktop\enoch-shopping\venv\Lib\site-packages\django\urls\base.py", line 88, in reverse
    return resolver._reverse_with_prefix(view, prefix, *args, **kwargs)
           ^^^^^^^^^^^^^^^^^^^^^^^^^^^^^^^^^^^^^^^^^^^^^^^^^^^^^^^^^^^^
  File "C:\Users\hp\OneDrive\Desktop\enoch-shopping\venv\Lib\site-packages\django\urls\resolvers.py", line 831, in _reverse_with_prefix
    raise NoReverseMatch(msg)
django.urls.exceptions.NoReverseMatch: Reverse for 'login' not found. 'login' is not a valid view function or pattern name.
"GET /wishlist/ HTTP/1.1" 500 83620
Internal Server Error: /wishlist/
Traceback (most recent call last):
  File "C:\Users\hp\OneDrive\Desktop\enoch-shopping\venv\Lib\site-packages\django\core\handlers\exception.py", line 55, in inner
    response = get_response(request)
               ^^^^^^^^^^^^^^^^^^^^^
  File "C:\Users\hp\OneDrive\Desktop\enoch-shopping\venv\Lib\site-packages\django\core\handlers\base.py", line 197, in _get_response
    response = wrapped_callback(request, *callback_args, **callback_kwargs)
               ^^^^^^^^^^^^^^^^^^^^^^^^^^^^^^^^^^^^^^^^^^^^^^^^^^^^^^^^^^^^
  File "C:\Users\hp\OneDrive\Desktop\enoch-shopping\shop\views.py", line 748, in wishlist_view
    return redirect('login')  # Redirect to login if not authenticated
           ^^^^^^^^^^^^^^^^^
  File "C:\Users\hp\OneDrive\Desktop\enoch-shopping\venv\Lib\site-packages\django\shortcuts.py", line 49, in redirect
    return redirect_class(resolve_url(to, *args, **kwargs))
                          ^^^^^^^^^^^^^^^^^^^^^^^^^^^^^^^^
  File "C:\Users\hp\OneDrive\Desktop\enoch-shopping\venv\Lib\site-packages\django\shortcuts.py", line 180, in resolve_url
    return reverse(to, args=args, kwargs=kwargs)
           ^^^^^^^^^^^^^^^^^^^^^^^^^^^^^^^^^^^^^
  File "C:\Users\hp\OneDrive\Desktop\enoch-shopping\venv\Lib\site-packages\django\urls\base.py", line 88, in reverse
    return resolver._reverse_with_prefix(view, prefix, *args, **kwargs)
           ^^^^^^^^^^^^^^^^^^^^^^^^^^^^^^^^^^^^^^^^^^^^^^^^^^^^^^^^^^^^
  File "C:\Users\hp\OneDrive\Desktop\enoch-shopping\venv\Lib\site-packages\django\urls\resolvers.py", line 831, in _reverse_with_prefix
    raise NoReverseMatch(msg)
django.urls.exceptions.NoReverseMatch: Reverse for 'login' not found. 'login' is not a valid view function or pattern name.
"GET /wishlist/ HTTP/1.1" 500 83621
Internal Server Error: /wishlist/
Traceback (most recent call last):
  File "C:\Users\hp\OneDrive\Desktop\enoch-shopping\venv\Lib\site-packages\django\core\handlers\exception.py", line 55, in inner
    response = get_response(request)
               ^^^^^^^^^^^^^^^^^^^^^
  File "C:\Users\hp\OneDrive\Desktop\enoch-shopping\venv\Lib\site-packages\django\core\handlers\base.py", line 197, in _get_response
    response = wrapped_callback(request, *callback_args, **callback_kwargs)
               ^^^^^^^^^^^^^^^^^^^^^^^^^^^^^^^^^^^^^^^^^^^^^^^^^^^^^^^^^^^^
  File "C:\Users\hp\OneDrive\Desktop\enoch-shopping\shop\views.py", line 748, in wishlist_view
    return redirect('login')  # Redirect to login if not authenticated
           ^^^^^^^^^^^^^^^^^
  File "C:\Users\hp\OneDrive\Desktop\enoch-shopping\venv\Lib\site-packages\django\shortcuts.py", line 49, in redirect
    return redirect_class(resolve_url(to, *args, **kwargs))
                          ^^^^^^^^^^^^^^^^^^^^^^^^^^^^^^^^
  File "C:\Users\hp\OneDrive\Desktop\enoch-shopping\venv\Lib\site-packages\django\shortcuts.py", line 180, in resolve_url
    return reverse(to, args=args, kwargs=kwargs)
           ^^^^^^^^^^^^^^^^^^^^^^^^^^^^^^^^^^^^^
  File "C:\Users\hp\OneDrive\Desktop\enoch-shopping\venv\Lib\site-packages\django\urls\base.py", line 88, in reverse
    return resolver._reverse_with_prefix(view, prefix, *args, **kwargs)
           ^^^^^^^^^^^^^^^^^^^^^^^^^^^^^^^^^^^^^^^^^^^^^^^^^^^^^^^^^^^^
  File "C:\Users\hp\OneDrive\Desktop\enoch-shopping\venv\Lib\site-packages\django\urls\resolvers.py", line 831, in _reverse_with_prefix
    raise NoReverseMatch(msg)
django.urls.exceptions.NoReverseMatch: Reverse for 'login' not found. 'login' is not a valid view function or pattern name.
"GET /wishlist/ HTTP/1.1" 500 83621
Internal Server Error: /wishlist/
Traceback (most recent call last):
  File "C:\Users\hp\OneDrive\Desktop\enoch-shopping\venv\Lib\site-packages\django\core\handlers\exception.py", line 55, in inner
    response = get_response(request)
               ^^^^^^^^^^^^^^^^^^^^^
  File "C:\Users\hp\OneDrive\Desktop\enoch-shopping\venv\Lib\site-packages\django\core\handlers\base.py", line 197, in _get_response
    response = wrapped_callback(request, *callback_args, **callback_kwargs)
               ^^^^^^^^^^^^^^^^^^^^^^^^^^^^^^^^^^^^^^^^^^^^^^^^^^^^^^^^^^^^
  File "C:\Users\hp\OneDrive\Desktop\enoch-shopping\shop\views.py", line 748, in wishlist_view
    return redirect('login')  # Redirect to login if not authenticated
           ^^^^^^^^^^^^^^^^^
  File "C:\Users\hp\OneDrive\Desktop\enoch-shopping\venv\Lib\site-packages\django\shortcuts.py", line 49, in redirect
    return redirect_class(resolve_url(to, *args, **kwargs))
                          ^^^^^^^^^^^^^^^^^^^^^^^^^^^^^^^^
  File "C:\Users\hp\OneDrive\Desktop\enoch-shopping\venv\Lib\site-packages\django\shortcuts.py", line 180, in resolve_url
    return reverse(to, args=args, kwargs=kwargs)
           ^^^^^^^^^^^^^^^^^^^^^^^^^^^^^^^^^^^^^
  File "C:\Users\hp\OneDrive\Desktop\enoch-shopping\venv\Lib\site-packages\django\urls\base.py", line 88, in reverse
    return resolver._reverse_with_prefix(view, prefix, *args, **kwargs)
           ^^^^^^^^^^^^^^^^^^^^^^^^^^^^^^^^^^^^^^^^^^^^^^^^^^^^^^^^^^^^
  File "C:\Users\hp\OneDrive\Desktop\enoch-shopping\venv\Lib\site-packages\django\urls\resolvers.py", line 831, in _reverse_with_prefix
    raise NoReverseMatch(msg)
django.urls.exceptions.NoReverseMatch: Reverse for 'login' not found. 'login' is not a valid view function or pattern name.
"GET /wishlist/ HTTP/1.1" 500 83622
Internal Server Error: /wishlist/
Traceback (most recent call last):
  File "C:\Users\hp\OneDrive\Desktop\enoch-shopping\venv\Lib\site-packages\django\core\handlers\exception.py", line 55, in inner
    response = get_response(request)
               ^^^^^^^^^^^^^^^^^^^^^
  File "C:\Users\hp\OneDrive\Desktop\enoch-shopping\venv\Lib\site-packages\django\core\handlers\base.py", line 197, in _get_response
    response = wrapped_callback(request, *callback_args, **callback_kwargs)
               ^^^^^^^^^^^^^^^^^^^^^^^^^^^^^^^^^^^^^^^^^^^^^^^^^^^^^^^^^^^^
  File "C:\Users\hp\OneDrive\Desktop\enoch-shopping\shop\views.py", line 748, in wishlist_view
    return redirect('login')  # Redirect to login if not authenticated
           ^^^^^^^^^^^^^^^^^
  File "C:\Users\hp\OneDrive\Desktop\enoch-shopping\venv\Lib\site-packages\django\shortcuts.py", line 49, in redirect
    return redirect_class(resolve_url(to, *args, **kwargs))
                          ^^^^^^^^^^^^^^^^^^^^^^^^^^^^^^^^
  File "C:\Users\hp\OneDrive\Desktop\enoch-shopping\venv\Lib\site-packages\django\shortcuts.py", line 180, in resolve_url
    return reverse(to, args=args, kwargs=kwargs)
           ^^^^^^^^^^^^^^^^^^^^^^^^^^^^^^^^^^^^^
  File "C:\Users\hp\OneDrive\Desktop\enoch-shopping\venv\Lib\site-packages\django\urls\base.py", line 88, in reverse
    return resolver._reverse_with_prefix(view, prefix, *args, **kwargs)
           ^^^^^^^^^^^^^^^^^^^^^^^^^^^^^^^^^^^^^^^^^^^^^^^^^^^^^^^^^^^^
  File "C:\Users\hp\OneDrive\Desktop\enoch-shopping\venv\Lib\site-packages\django\urls\resolvers.py", line 831, in _reverse_with_prefix
    raise NoReverseMatch(msg)
django.urls.exceptions.NoReverseMatch: Reverse for 'login' not found. 'login' is not a valid view function or pattern name.
"GET /wishlist/ HTTP/1.1" 500 83624
Internal Server Error: /wishlist/
Traceback (most recent call last):
  File "C:\Users\hp\OneDrive\Desktop\enoch-shopping\venv\Lib\site-packages\django\core\handlers\exception.py", line 55, in inner
    response = get_response(request)
               ^^^^^^^^^^^^^^^^^^^^^
  File "C:\Users\hp\OneDrive\Desktop\enoch-shopping\venv\Lib\site-packages\django\core\handlers\base.py", line 197, in _get_response
    response = wrapped_callback(request, *callback_args, **callback_kwargs)
               ^^^^^^^^^^^^^^^^^^^^^^^^^^^^^^^^^^^^^^^^^^^^^^^^^^^^^^^^^^^^
  File "C:\Users\hp\OneDrive\Desktop\enoch-shopping\shop\views.py", line 748, in wishlist_view
    return redirect('login')  # Redirect to login if not authenticated
           ^^^^^^^^^^^^^^^^^
  File "C:\Users\hp\OneDrive\Desktop\enoch-shopping\venv\Lib\site-packages\django\shortcuts.py", line 49, in redirect
    return redirect_class(resolve_url(to, *args, **kwargs))
                          ^^^^^^^^^^^^^^^^^^^^^^^^^^^^^^^^
  File "C:\Users\hp\OneDrive\Desktop\enoch-shopping\venv\Lib\site-packages\django\shortcuts.py", line 180, in resolve_url
    return reverse(to, args=args, kwargs=kwargs)
           ^^^^^^^^^^^^^^^^^^^^^^^^^^^^^^^^^^^^^
  File "C:\Users\hp\OneDrive\Desktop\enoch-shopping\venv\Lib\site-packages\django\urls\base.py", line 88, in reverse
    return resolver._reverse_with_prefix(view, prefix, *args, **kwargs)
           ^^^^^^^^^^^^^^^^^^^^^^^^^^^^^^^^^^^^^^^^^^^^^^^^^^^^^^^^^^^^
  File "C:\Users\hp\OneDrive\Desktop\enoch-shopping\venv\Lib\site-packages\django\urls\resolvers.py", line 831, in _reverse_with_prefix
    raise NoReverseMatch(msg)
django.urls.exceptions.NoReverseMatch: Reverse for 'login' not found. 'login' is not a valid view function or pattern name.
"GET /wishlist/ HTTP/1.1" 500 83622
Internal Server Error: /wishlist/
Traceback (most recent call last):
  File "C:\Users\hp\OneDrive\Desktop\enoch-shopping\venv\Lib\site-packages\django\core\handlers\exception.py", line 55, in inner
    response = get_response(request)
               ^^^^^^^^^^^^^^^^^^^^^
  File "C:\Users\hp\OneDrive\Desktop\enoch-shopping\venv\Lib\site-packages\django\core\handlers\base.py", line 197, in _get_response
    response = wrapped_callback(request, *callback_args, **callback_kwargs)
               ^^^^^^^^^^^^^^^^^^^^^^^^^^^^^^^^^^^^^^^^^^^^^^^^^^^^^^^^^^^^
  File "C:\Users\hp\OneDrive\Desktop\enoch-shopping\shop\views.py", line 748, in wishlist_view
    return redirect('login')  # Redirect to login if not authenticated
           ^^^^^^^^^^^^^^^^^
  File "C:\Users\hp\OneDrive\Desktop\enoch-shopping\venv\Lib\site-packages\django\shortcuts.py", line 49, in redirect
    return redirect_class(resolve_url(to, *args, **kwargs))
                          ^^^^^^^^^^^^^^^^^^^^^^^^^^^^^^^^
  File "C:\Users\hp\OneDrive\Desktop\enoch-shopping\venv\Lib\site-packages\django\shortcuts.py", line 180, in resolve_url
    return reverse(to, args=args, kwargs=kwargs)
           ^^^^^^^^^^^^^^^^^^^^^^^^^^^^^^^^^^^^^
  File "C:\Users\hp\OneDrive\Desktop\enoch-shopping\venv\Lib\site-packages\django\urls\base.py", line 88, in reverse
    return resolver._reverse_with_prefix(view, prefix, *args, **kwargs)
           ^^^^^^^^^^^^^^^^^^^^^^^^^^^^^^^^^^^^^^^^^^^^^^^^^^^^^^^^^^^^
  File "C:\Users\hp\OneDrive\Desktop\enoch-shopping\venv\Lib\site-packages\django\urls\resolvers.py", line 831, in _reverse_with_prefix
    raise NoReverseMatch(msg)
django.urls.exceptions.NoReverseMatch: Reverse for 'login' not found. 'login' is not a valid view function or pattern name.
"GET /wishlist/ HTTP/1.1" 500 83622
Internal Server Error: /wishlist/
Traceback (most recent call last):
  File "C:\Users\hp\OneDrive\Desktop\enoch-shopping\venv\Lib\site-packages\django\core\handlers\exception.py", line 55, in inner
    response = get_response(request)
               ^^^^^^^^^^^^^^^^^^^^^
  File "C:\Users\hp\OneDrive\Desktop\enoch-shopping\venv\Lib\site-packages\django\core\handlers\base.py", line 197, in _get_response
    response = wrapped_callback(request, *callback_args, **callback_kwargs)
               ^^^^^^^^^^^^^^^^^^^^^^^^^^^^^^^^^^^^^^^^^^^^^^^^^^^^^^^^^^^^
  File "C:\Users\hp\OneDrive\Desktop\enoch-shopping\shop\views.py", line 748, in wishlist_view
    return redirect('login')  # Redirect to login if not authenticated
           ^^^^^^^^^^^^^^^^^
  File "C:\Users\hp\OneDrive\Desktop\enoch-shopping\venv\Lib\site-packages\django\shortcuts.py", line 49, in redirect
    return redirect_class(resolve_url(to, *args, **kwargs))
                          ^^^^^^^^^^^^^^^^^^^^^^^^^^^^^^^^
  File "C:\Users\hp\OneDrive\Desktop\enoch-shopping\venv\Lib\site-packages\django\shortcuts.py", line 180, in resolve_url
    return reverse(to, args=args, kwargs=kwargs)
           ^^^^^^^^^^^^^^^^^^^^^^^^^^^^^^^^^^^^^
  File "C:\Users\hp\OneDrive\Desktop\enoch-shopping\venv\Lib\site-packages\django\urls\base.py", line 88, in reverse
    return resolver._reverse_with_prefix(view, prefix, *args, **kwargs)
           ^^^^^^^^^^^^^^^^^^^^^^^^^^^^^^^^^^^^^^^^^^^^^^^^^^^^^^^^^^^^
  File "C:\Users\hp\OneDrive\Desktop\enoch-shopping\venv\Lib\site-packages\django\urls\resolvers.py", line 831, in _reverse_with_prefix
    raise NoReverseMatch(msg)
django.urls.exceptions.NoReverseMatch: Reverse for 'login' not found. 'login' is not a valid view function or pattern name.
"GET /wishlist/ HTTP/1.1" 500 83625
Internal Server Error: /wishlist/
Traceback (most recent call last):
  File "C:\Users\hp\OneDrive\Desktop\enoch-shopping\venv\Lib\site-packages\django\core\handlers\exception.py", line 55, in inner
    response = get_response(request)
               ^^^^^^^^^^^^^^^^^^^^^
  File "C:\Users\hp\OneDrive\Desktop\enoch-shopping\venv\Lib\site-packages\django\core\handlers\base.py", line 197, in _get_response
    response = wrapped_callback(request, *callback_args, **callback_kwargs)
               ^^^^^^^^^^^^^^^^^^^^^^^^^^^^^^^^^^^^^^^^^^^^^^^^^^^^^^^^^^^^
  File "C:\Users\hp\OneDrive\Desktop\enoch-shopping\shop\views.py", line 748, in wishlist_view
    return redirect('login')  # Redirect to login if not authenticated
           ^^^^^^^^^^^^^^^^^
  File "C:\Users\hp\OneDrive\Desktop\enoch-shopping\venv\Lib\site-packages\django\shortcuts.py", line 49, in redirect
    return redirect_class(resolve_url(to, *args, **kwargs))
                          ^^^^^^^^^^^^^^^^^^^^^^^^^^^^^^^^
  File "C:\Users\hp\OneDrive\Desktop\enoch-shopping\venv\Lib\site-packages\django\shortcuts.py", line 180, in resolve_url
    return reverse(to, args=args, kwargs=kwargs)
           ^^^^^^^^^^^^^^^^^^^^^^^^^^^^^^^^^^^^^
  File "C:\Users\hp\OneDrive\Desktop\enoch-shopping\venv\Lib\site-packages\django\urls\base.py", line 88, in reverse
    return resolver._reverse_with_prefix(view, prefix, *args, **kwargs)
           ^^^^^^^^^^^^^^^^^^^^^^^^^^^^^^^^^^^^^^^^^^^^^^^^^^^^^^^^^^^^
  File "C:\Users\hp\OneDrive\Desktop\enoch-shopping\venv\Lib\site-packages\django\urls\resolvers.py", line 831, in _reverse_with_prefix
    raise NoReverseMatch(msg)
django.urls.exceptions.NoReverseMatch: Reverse for 'login' not found. 'login' is not a valid view function or pattern name.
"GET /wishlist/ HTTP/1.1" 500 83624
Internal Server Error: /wishlist/
Traceback (most recent call last):
  File "C:\Users\hp\OneDrive\Desktop\enoch-shopping\venv\Lib\site-packages\django\core\handlers\exception.py", line 55, in inner
    response = get_response(request)
               ^^^^^^^^^^^^^^^^^^^^^
  File "C:\Users\hp\OneDrive\Desktop\enoch-shopping\venv\Lib\site-packages\django\core\handlers\base.py", line 197, in _get_response
    response = wrapped_callback(request, *callback_args, **callback_kwargs)
               ^^^^^^^^^^^^^^^^^^^^^^^^^^^^^^^^^^^^^^^^^^^^^^^^^^^^^^^^^^^^
  File "C:\Users\hp\OneDrive\Desktop\enoch-shopping\shop\views.py", line 748, in wishlist_view
    return redirect('login')  # Redirect to login if not authenticated
           ^^^^^^^^^^^^^^^^^
  File "C:\Users\hp\OneDrive\Desktop\enoch-shopping\venv\Lib\site-packages\django\shortcuts.py", line 49, in redirect
    return redirect_class(resolve_url(to, *args, **kwargs))
                          ^^^^^^^^^^^^^^^^^^^^^^^^^^^^^^^^
  File "C:\Users\hp\OneDrive\Desktop\enoch-shopping\venv\Lib\site-packages\django\shortcuts.py", line 180, in resolve_url
    return reverse(to, args=args, kwargs=kwargs)
           ^^^^^^^^^^^^^^^^^^^^^^^^^^^^^^^^^^^^^
  File "C:\Users\hp\OneDrive\Desktop\enoch-shopping\venv\Lib\site-packages\django\urls\base.py", line 88, in reverse
    return resolver._reverse_with_prefix(view, prefix, *args, **kwargs)
           ^^^^^^^^^^^^^^^^^^^^^^^^^^^^^^^^^^^^^^^^^^^^^^^^^^^^^^^^^^^^
  File "C:\Users\hp\OneDrive\Desktop\enoch-shopping\venv\Lib\site-packages\django\urls\resolvers.py", line 831, in _reverse_with_prefix
    raise NoReverseMatch(msg)
django.urls.exceptions.NoReverseMatch: Reverse for 'login' not found. 'login' is not a valid view function or pattern name.
"GET /wishlist/ HTTP/1.1" 500 83624
Internal Server Error: /wishlist/
Traceback (most recent call last):
  File "C:\Users\hp\OneDrive\Desktop\enoch-shopping\venv\Lib\site-packages\django\core\handlers\exception.py", line 55, in inner
    response = get_response(request)
               ^^^^^^^^^^^^^^^^^^^^^
  File "C:\Users\hp\OneDrive\Desktop\enoch-shopping\venv\Lib\site-packages\django\core\handlers\base.py", line 197, in _get_response
    response = wrapped_callback(request, *callback_args, **callback_kwargs)
               ^^^^^^^^^^^^^^^^^^^^^^^^^^^^^^^^^^^^^^^^^^^^^^^^^^^^^^^^^^^^
  File "C:\Users\hp\OneDrive\Desktop\enoch-shopping\shop\views.py", line 748, in wishlist_view
    return redirect('login')  # Redirect to login if not authenticated
           ^^^^^^^^^^^^^^^^^
  File "C:\Users\hp\OneDrive\Desktop\enoch-shopping\venv\Lib\site-packages\django\shortcuts.py", line 49, in redirect
    return redirect_class(resolve_url(to, *args, **kwargs))
                          ^^^^^^^^^^^^^^^^^^^^^^^^^^^^^^^^
  File "C:\Users\hp\OneDrive\Desktop\enoch-shopping\venv\Lib\site-packages\django\shortcuts.py", line 180, in resolve_url
    return reverse(to, args=args, kwargs=kwargs)
           ^^^^^^^^^^^^^^^^^^^^^^^^^^^^^^^^^^^^^
  File "C:\Users\hp\OneDrive\Desktop\enoch-shopping\venv\Lib\site-packages\django\urls\base.py", line 88, in reverse
    return resolver._reverse_with_prefix(view, prefix, *args, **kwargs)
           ^^^^^^^^^^^^^^^^^^^^^^^^^^^^^^^^^^^^^^^^^^^^^^^^^^^^^^^^^^^^
  File "C:\Users\hp\OneDrive\Desktop\enoch-shopping\venv\Lib\site-packages\django\urls\resolvers.py", line 831, in _reverse_with_prefix
    raise NoReverseMatch(msg)
django.urls.exceptions.NoReverseMatch: Reverse for 'login' not found. 'login' is not a valid view function or pattern name.
"GET /wishlist/ HTTP/1.1" 500 83626
Internal Server Error: /wishlist/
Traceback (most recent call last):
  File "C:\Users\hp\OneDrive\Desktop\enoch-shopping\venv\Lib\site-packages\django\core\handlers\exception.py", line 55, in inner
    response = get_response(request)
               ^^^^^^^^^^^^^^^^^^^^^
  File "C:\Users\hp\OneDrive\Desktop\enoch-shopping\venv\Lib\site-packages\django\core\handlers\base.py", line 197, in _get_response
    response = wrapped_callback(request, *callback_args, **callback_kwargs)
               ^^^^^^^^^^^^^^^^^^^^^^^^^^^^^^^^^^^^^^^^^^^^^^^^^^^^^^^^^^^^
  File "C:\Users\hp\OneDrive\Desktop\enoch-shopping\shop\views.py", line 748, in wishlist_view
    return redirect('login')  # Redirect to login if not authenticated
           ^^^^^^^^^^^^^^^^^
  File "C:\Users\hp\OneDrive\Desktop\enoch-shopping\venv\Lib\site-packages\django\shortcuts.py", line 49, in redirect
    return redirect_class(resolve_url(to, *args, **kwargs))
                          ^^^^^^^^^^^^^^^^^^^^^^^^^^^^^^^^
  File "C:\Users\hp\OneDrive\Desktop\enoch-shopping\venv\Lib\site-packages\django\shortcuts.py", line 180, in resolve_url
    return reverse(to, args=args, kwargs=kwargs)
           ^^^^^^^^^^^^^^^^^^^^^^^^^^^^^^^^^^^^^
  File "C:\Users\hp\OneDrive\Desktop\enoch-shopping\venv\Lib\site-packages\django\urls\base.py", line 88, in reverse
    return resolver._reverse_with_prefix(view, prefix, *args, **kwargs)
           ^^^^^^^^^^^^^^^^^^^^^^^^^^^^^^^^^^^^^^^^^^^^^^^^^^^^^^^^^^^^
  File "C:\Users\hp\OneDrive\Desktop\enoch-shopping\venv\Lib\site-packages\django\urls\resolvers.py", line 831, in _reverse_with_prefix
    raise NoReverseMatch(msg)
django.urls.exceptions.NoReverseMatch: Reverse for 'login' not found. 'login' is not a valid view function or pattern name.
"GET /wishlist/ HTTP/1.1" 500 83626
Internal Server Error: /wishlist/
Traceback (most recent call last):
  File "C:\Users\hp\OneDrive\Desktop\enoch-shopping\venv\Lib\site-packages\django\core\handlers\exception.py", line 55, in inner
    response = get_response(request)
               ^^^^^^^^^^^^^^^^^^^^^
  File "C:\Users\hp\OneDrive\Desktop\enoch-shopping\venv\Lib\site-packages\django\core\handlers\base.py", line 197, in _get_response
    response = wrapped_callback(request, *callback_args, **callback_kwargs)
               ^^^^^^^^^^^^^^^^^^^^^^^^^^^^^^^^^^^^^^^^^^^^^^^^^^^^^^^^^^^^
  File "C:\Users\hp\OneDrive\Desktop\enoch-shopping\shop\views.py", line 748, in wishlist_view
    return redirect('login')  # Redirect to login if not authenticated
           ^^^^^^^^^^^^^^^^^
  File "C:\Users\hp\OneDrive\Desktop\enoch-shopping\venv\Lib\site-packages\django\shortcuts.py", line 49, in redirect
    return redirect_class(resolve_url(to, *args, **kwargs))
                          ^^^^^^^^^^^^^^^^^^^^^^^^^^^^^^^^
  File "C:\Users\hp\OneDrive\Desktop\enoch-shopping\venv\Lib\site-packages\django\shortcuts.py", line 180, in resolve_url
    return reverse(to, args=args, kwargs=kwargs)
           ^^^^^^^^^^^^^^^^^^^^^^^^^^^^^^^^^^^^^
  File "C:\Users\hp\OneDrive\Desktop\enoch-shopping\venv\Lib\site-packages\django\urls\base.py", line 88, in reverse
    return resolver._reverse_with_prefix(view, prefix, *args, **kwargs)
           ^^^^^^^^^^^^^^^^^^^^^^^^^^^^^^^^^^^^^^^^^^^^^^^^^^^^^^^^^^^^
  File "C:\Users\hp\OneDrive\Desktop\enoch-shopping\venv\Lib\site-packages\django\urls\resolvers.py", line 831, in _reverse_with_prefix
    raise NoReverseMatch(msg)
django.urls.exceptions.NoReverseMatch: Reverse for 'login' not found. 'login' is not a valid view function or pattern name.
"GET /wishlist/ HTTP/1.1" 500 83626
Internal Server Error: /wishlist/
Traceback (most recent call last):
  File "C:\Users\hp\OneDrive\Desktop\enoch-shopping\venv\Lib\site-packages\django\core\handlers\exception.py", line 55, in inner
    response = get_response(request)
               ^^^^^^^^^^^^^^^^^^^^^
  File "C:\Users\hp\OneDrive\Desktop\enoch-shopping\venv\Lib\site-packages\django\core\handlers\base.py", line 197, in _get_response
    response = wrapped_callback(request, *callback_args, **callback_kwargs)
               ^^^^^^^^^^^^^^^^^^^^^^^^^^^^^^^^^^^^^^^^^^^^^^^^^^^^^^^^^^^^
  File "C:\Users\hp\OneDrive\Desktop\enoch-shopping\shop\views.py", line 748, in wishlist_view
    return redirect('login')  # Redirect to login if not authenticated
           ^^^^^^^^^^^^^^^^^
  File "C:\Users\hp\OneDrive\Desktop\enoch-shopping\venv\Lib\site-packages\django\shortcuts.py", line 49, in redirect
    return redirect_class(resolve_url(to, *args, **kwargs))
                          ^^^^^^^^^^^^^^^^^^^^^^^^^^^^^^^^
  File "C:\Users\hp\OneDrive\Desktop\enoch-shopping\venv\Lib\site-packages\django\shortcuts.py", line 180, in resolve_url
    return reverse(to, args=args, kwargs=kwargs)
           ^^^^^^^^^^^^^^^^^^^^^^^^^^^^^^^^^^^^^
  File "C:\Users\hp\OneDrive\Desktop\enoch-shopping\venv\Lib\site-packages\django\urls\base.py", line 88, in reverse
    return resolver._reverse_with_prefix(view, prefix, *args, **kwargs)
           ^^^^^^^^^^^^^^^^^^^^^^^^^^^^^^^^^^^^^^^^^^^^^^^^^^^^^^^^^^^^
  File "C:\Users\hp\OneDrive\Desktop\enoch-shopping\venv\Lib\site-packages\django\urls\resolvers.py", line 831, in _reverse_with_prefix
    raise NoReverseMatch(msg)
django.urls.exceptions.NoReverseMatch: Reverse for 'login' not found. 'login' is not a valid view function or pattern name.
"GET /wishlist/ HTTP/1.1" 500 83626
Internal Server Error: /wishlist/
Traceback (most recent call last):
  File "C:\Users\hp\OneDrive\Desktop\enoch-shopping\venv\Lib\site-packages\django\core\handlers\exception.py", line 55, in inner
    response = get_response(request)
               ^^^^^^^^^^^^^^^^^^^^^
  File "C:\Users\hp\OneDrive\Desktop\enoch-shopping\venv\Lib\site-packages\django\core\handlers\base.py", line 197, in _get_response
    response = wrapped_callback(request, *callback_args, **callback_kwargs)
               ^^^^^^^^^^^^^^^^^^^^^^^^^^^^^^^^^^^^^^^^^^^^^^^^^^^^^^^^^^^^
  File "C:\Users\hp\OneDrive\Desktop\enoch-shopping\shop\views.py", line 748, in wishlist_view
    return redirect('login')  # Redirect to login if not authenticated
           ^^^^^^^^^^^^^^^^^
  File "C:\Users\hp\OneDrive\Desktop\enoch-shopping\venv\Lib\site-packages\django\shortcuts.py", line 49, in redirect
    return redirect_class(resolve_url(to, *args, **kwargs))
                          ^^^^^^^^^^^^^^^^^^^^^^^^^^^^^^^^
  File "C:\Users\hp\OneDrive\Desktop\enoch-shopping\venv\Lib\site-packages\django\shortcuts.py", line 180, in resolve_url
    return reverse(to, args=args, kwargs=kwargs)
           ^^^^^^^^^^^^^^^^^^^^^^^^^^^^^^^^^^^^^
  File "C:\Users\hp\OneDrive\Desktop\enoch-shopping\venv\Lib\site-packages\django\urls\base.py", line 88, in reverse
    return resolver._reverse_with_prefix(view, prefix, *args, **kwargs)
           ^^^^^^^^^^^^^^^^^^^^^^^^^^^^^^^^^^^^^^^^^^^^^^^^^^^^^^^^^^^^
  File "C:\Users\hp\OneDrive\Desktop\enoch-shopping\venv\Lib\site-packages\django\urls\resolvers.py", line 831, in _reverse_with_prefix
    raise NoReverseMatch(msg)
django.urls.exceptions.NoReverseMatch: Reverse for 'login' not found. 'login' is not a valid view function or pattern name.
"GET /wishlist/ HTTP/1.1" 500 83629
Internal Server Error: /wishlist/
Traceback (most recent call last):
  File "C:\Users\hp\OneDrive\Desktop\enoch-shopping\venv\Lib\site-packages\django\core\handlers\exception.py", line 55, in inner
    response = get_response(request)
               ^^^^^^^^^^^^^^^^^^^^^
  File "C:\Users\hp\OneDrive\Desktop\enoch-shopping\venv\Lib\site-packages\django\core\handlers\base.py", line 197, in _get_response
    response = wrapped_callback(request, *callback_args, **callback_kwargs)
               ^^^^^^^^^^^^^^^^^^^^^^^^^^^^^^^^^^^^^^^^^^^^^^^^^^^^^^^^^^^^
  File "C:\Users\hp\OneDrive\Desktop\enoch-shopping\shop\views.py", line 748, in wishlist_view
    return redirect('login')  # Redirect to login if not authenticated
           ^^^^^^^^^^^^^^^^^
  File "C:\Users\hp\OneDrive\Desktop\enoch-shopping\venv\Lib\site-packages\django\shortcuts.py", line 49, in redirect
    return redirect_class(resolve_url(to, *args, **kwargs))
                          ^^^^^^^^^^^^^^^^^^^^^^^^^^^^^^^^
  File "C:\Users\hp\OneDrive\Desktop\enoch-shopping\venv\Lib\site-packages\django\shortcuts.py", line 180, in resolve_url
    return reverse(to, args=args, kwargs=kwargs)
           ^^^^^^^^^^^^^^^^^^^^^^^^^^^^^^^^^^^^^
  File "C:\Users\hp\OneDrive\Desktop\enoch-shopping\venv\Lib\site-packages\django\urls\base.py", line 88, in reverse
    return resolver._reverse_with_prefix(view, prefix, *args, **kwargs)
           ^^^^^^^^^^^^^^^^^^^^^^^^^^^^^^^^^^^^^^^^^^^^^^^^^^^^^^^^^^^^
  File "C:\Users\hp\OneDrive\Desktop\enoch-shopping\venv\Lib\site-packages\django\urls\resolvers.py", line 831, in _reverse_with_prefix
    raise NoReverseMatch(msg)
django.urls.exceptions.NoReverseMatch: Reverse for 'login' not found. 'login' is not a valid view function or pattern name.
"GET /wishlist/ HTTP/1.1" 500 83628
Internal Server Error: /wishlist/
Traceback (most recent call last):
  File "C:\Users\hp\OneDrive\Desktop\enoch-shopping\venv\Lib\site-packages\django\core\handlers\exception.py", line 55, in inner
    response = get_response(request)
               ^^^^^^^^^^^^^^^^^^^^^
  File "C:\Users\hp\OneDrive\Desktop\enoch-shopping\venv\Lib\site-packages\django\core\handlers\base.py", line 197, in _get_response
    response = wrapped_callback(request, *callback_args, **callback_kwargs)
               ^^^^^^^^^^^^^^^^^^^^^^^^^^^^^^^^^^^^^^^^^^^^^^^^^^^^^^^^^^^^
  File "C:\Users\hp\OneDrive\Desktop\enoch-shopping\shop\views.py", line 748, in wishlist_view
    return redirect('login')  # Redirect to login if not authenticated
           ^^^^^^^^^^^^^^^^^
  File "C:\Users\hp\OneDrive\Desktop\enoch-shopping\venv\Lib\site-packages\django\shortcuts.py", line 49, in redirect
    return redirect_class(resolve_url(to, *args, **kwargs))
                          ^^^^^^^^^^^^^^^^^^^^^^^^^^^^^^^^
  File "C:\Users\hp\OneDrive\Desktop\enoch-shopping\venv\Lib\site-packages\django\shortcuts.py", line 180, in resolve_url
    return reverse(to, args=args, kwargs=kwargs)
           ^^^^^^^^^^^^^^^^^^^^^^^^^^^^^^^^^^^^^
  File "C:\Users\hp\OneDrive\Desktop\enoch-shopping\venv\Lib\site-packages\django\urls\base.py", line 88, in reverse
    return resolver._reverse_with_prefix(view, prefix, *args, **kwargs)
           ^^^^^^^^^^^^^^^^^^^^^^^^^^^^^^^^^^^^^^^^^^^^^^^^^^^^^^^^^^^^
  File "C:\Users\hp\OneDrive\Desktop\enoch-shopping\venv\Lib\site-packages\django\urls\resolvers.py", line 831, in _reverse_with_prefix
    raise NoReverseMatch(msg)
django.urls.exceptions.NoReverseMatch: Reverse for 'login' not found. 'login' is not a valid view function or pattern name.
"GET /wishlist/ HTTP/1.1" 500 83628
Internal Server Error: /
Traceback (most recent call last):
  File "C:\Users\hp\OneDrive\Desktop\enoch-shopping\venv\Lib\site-packages\django\core\handlers\exception.py", line 55, in inner
    response = get_response(request)
               ^^^^^^^^^^^^^^^^^^^^^
  File "C:\Users\hp\OneDrive\Desktop\enoch-shopping\venv\Lib\site-packages\django\core\handlers\base.py", line 197, in _get_response
    response = wrapped_callback(request, *callback_args, **callback_kwargs)
               ^^^^^^^^^^^^^^^^^^^^^^^^^^^^^^^^^^^^^^^^^^^^^^^^^^^^^^^^^^^^
  File "C:\Users\hp\OneDrive\Desktop\enoch-shopping\shop\views.py", line 1619, in home
    return render(request, 'shop/home.html', {'products': products})
           ^^^^^^^^^^^^^^^^^^^^^^^^^^^^^^^^^^^^^^^^^^^^^^^^^^^^^^^^^
  File "C:\Users\hp\OneDrive\Desktop\enoch-shopping\venv\Lib\site-packages\django\shortcuts.py", line 25, in render
    content = loader.render_to_string(template_name, context, request, using=using)
              ^^^^^^^^^^^^^^^^^^^^^^^^^^^^^^^^^^^^^^^^^^^^^^^^^^^^^^^^^^^^^^^^^^^^^
  File "C:\Users\hp\OneDrive\Desktop\enoch-shopping\venv\Lib\site-packages\django\template\loader.py", line 62, in render_to_string
    return template.render(context, request)
           ^^^^^^^^^^^^^^^^^^^^^^^^^^^^^^^^^
  File "C:\Users\hp\OneDrive\Desktop\enoch-shopping\venv\Lib\site-packages\django\template\backends\django.py", line 107, in render
    return self.template.render(context)
           ^^^^^^^^^^^^^^^^^^^^^^^^^^^^^
  File "C:\Users\hp\OneDrive\Desktop\enoch-shopping\venv\Lib\site-packages\django\template\base.py", line 171, in render
    return self._render(context)
           ^^^^^^^^^^^^^^^^^^^^^
  File "C:\Users\hp\OneDrive\Desktop\enoch-shopping\venv\Lib\site-packages\django\template\base.py", line 163, in _render
    return self.nodelist.render(context)
           ^^^^^^^^^^^^^^^^^^^^^^^^^^^^^
  File "C:\Users\hp\OneDrive\Desktop\enoch-shopping\venv\Lib\site-packages\django\template\base.py", line 1008, in render
    return SafeString("".join([node.render_annotated(context) for node in self]))
                               ^^^^^^^^^^^^^^^^^^^^^^^^^^^^^^
  File "C:\Users\hp\OneDrive\Desktop\enoch-shopping\venv\Lib\site-packages\django\template\base.py", line 969, in render_annotated
    return self.render(context)
           ^^^^^^^^^^^^^^^^^^^^
  File "C:\Users\hp\OneDrive\Desktop\enoch-shopping\venv\Lib\site-packages\django\template\loader_tags.py", line 159, in render
    return compiled_parent._render(context)
           ^^^^^^^^^^^^^^^^^^^^^^^^^^^^^^^^
  File "C:\Users\hp\OneDrive\Desktop\enoch-shopping\venv\Lib\site-packages\django\template\base.py", line 163, in _render
    return self.nodelist.render(context)
           ^^^^^^^^^^^^^^^^^^^^^^^^^^^^^
  File "C:\Users\hp\OneDrive\Desktop\enoch-shopping\venv\Lib\site-packages\django\template\base.py", line 1008, in render
    return SafeString("".join([node.render_annotated(context) for node in self]))
                               ^^^^^^^^^^^^^^^^^^^^^^^^^^^^^^
  File "C:\Users\hp\OneDrive\Desktop\enoch-shopping\venv\Lib\site-packages\django\template\base.py", line 969, in render_annotated
    return self.render(context)
           ^^^^^^^^^^^^^^^^^^^^
  File "C:\Users\hp\OneDrive\Desktop\enoch-shopping\venv\Lib\site-packages\django\template\defaulttags.py", line 480, in render
    url = reverse(view_name, args=args, kwargs=kwargs, current_app=current_app)
          ^^^^^^^^^^^^^^^^^^^^^^^^^^^^^^^^^^^^^^^^^^^^^^^^^^^^^^^^^^^^^^^^^^^^^
  File "C:\Users\hp\OneDrive\Desktop\enoch-shopping\venv\Lib\site-packages\django\urls\base.py", line 88, in reverse
    return resolver._reverse_with_prefix(view, prefix, *args, **kwargs)
           ^^^^^^^^^^^^^^^^^^^^^^^^^^^^^^^^^^^^^^^^^^^^^^^^^^^^^^^^^^^^
  File "C:\Users\hp\OneDrive\Desktop\enoch-shopping\venv\Lib\site-packages\django\urls\resolvers.py", line 831, in _reverse_with_prefix
    raise NoReverseMatch(msg)
django.urls.exceptions.NoReverseMatch: Reverse for 'order_history' not found. 'order_history' is not a valid view function or pattern name.
"GET / HTTP/1.1" 500 142034
Internal Server Error: /
Traceback (most recent call last):
  File "C:\Users\hp\OneDrive\Desktop\enoch-shopping\venv\Lib\site-packages\django\core\handlers\exception.py", line 55, in inner
    response = get_response(request)
               ^^^^^^^^^^^^^^^^^^^^^
  File "C:\Users\hp\OneDrive\Desktop\enoch-shopping\venv\Lib\site-packages\django\core\handlers\base.py", line 197, in _get_response
    response = wrapped_callback(request, *callback_args, **callback_kwargs)
               ^^^^^^^^^^^^^^^^^^^^^^^^^^^^^^^^^^^^^^^^^^^^^^^^^^^^^^^^^^^^
  File "C:\Users\hp\OneDrive\Desktop\enoch-shopping\shop\views.py", line 1619, in home
    return render(request, 'shop/home.html', {'products': products})
           ^^^^^^^^^^^^^^^^^^^^^^^^^^^^^^^^^^^^^^^^^^^^^^^^^^^^^^^^^
  File "C:\Users\hp\OneDrive\Desktop\enoch-shopping\venv\Lib\site-packages\django\shortcuts.py", line 25, in render
    content = loader.render_to_string(template_name, context, request, using=using)
              ^^^^^^^^^^^^^^^^^^^^^^^^^^^^^^^^^^^^^^^^^^^^^^^^^^^^^^^^^^^^^^^^^^^^^
  File "C:\Users\hp\OneDrive\Desktop\enoch-shopping\venv\Lib\site-packages\django\template\loader.py", line 62, in render_to_string
    return template.render(context, request)
           ^^^^^^^^^^^^^^^^^^^^^^^^^^^^^^^^^
  File "C:\Users\hp\OneDrive\Desktop\enoch-shopping\venv\Lib\site-packages\django\template\backends\django.py", line 107, in render
    return self.template.render(context)
           ^^^^^^^^^^^^^^^^^^^^^^^^^^^^^
  File "C:\Users\hp\OneDrive\Desktop\enoch-shopping\venv\Lib\site-packages\django\template\base.py", line 171, in render
    return self._render(context)
           ^^^^^^^^^^^^^^^^^^^^^
  File "C:\Users\hp\OneDrive\Desktop\enoch-shopping\venv\Lib\site-packages\django\template\base.py", line 163, in _render
    return self.nodelist.render(context)
           ^^^^^^^^^^^^^^^^^^^^^^^^^^^^^
  File "C:\Users\hp\OneDrive\Desktop\enoch-shopping\venv\Lib\site-packages\django\template\base.py", line 1008, in render
    return SafeString("".join([node.render_annotated(context) for node in self]))
                               ^^^^^^^^^^^^^^^^^^^^^^^^^^^^^^
  File "C:\Users\hp\OneDrive\Desktop\enoch-shopping\venv\Lib\site-packages\django\template\base.py", line 969, in render_annotated
    return self.render(context)
           ^^^^^^^^^^^^^^^^^^^^
  File "C:\Users\hp\OneDrive\Desktop\enoch-shopping\venv\Lib\site-packages\django\template\loader_tags.py", line 159, in render
    return compiled_parent._render(context)
           ^^^^^^^^^^^^^^^^^^^^^^^^^^^^^^^^
  File "C:\Users\hp\OneDrive\Desktop\enoch-shopping\venv\Lib\site-packages\django\template\base.py", line 163, in _render
    return self.nodelist.render(context)
           ^^^^^^^^^^^^^^^^^^^^^^^^^^^^^
  File "C:\Users\hp\OneDrive\Desktop\enoch-shopping\venv\Lib\site-packages\django\template\base.py", line 1008, in render
    return SafeString("".join([node.render_annotated(context) for node in self]))
                               ^^^^^^^^^^^^^^^^^^^^^^^^^^^^^^
  File "C:\Users\hp\OneDrive\Desktop\enoch-shopping\venv\Lib\site-packages\django\template\base.py", line 969, in render_annotated
    return self.render(context)
           ^^^^^^^^^^^^^^^^^^^^
  File "C:\Users\hp\OneDrive\Desktop\enoch-shopping\venv\Lib\site-packages\django\template\defaulttags.py", line 480, in render
    url = reverse(view_name, args=args, kwargs=kwargs, current_app=current_app)
          ^^^^^^^^^^^^^^^^^^^^^^^^^^^^^^^^^^^^^^^^^^^^^^^^^^^^^^^^^^^^^^^^^^^^^
  File "C:\Users\hp\OneDrive\Desktop\enoch-shopping\venv\Lib\site-packages\django\urls\base.py", line 88, in reverse
    return resolver._reverse_with_prefix(view, prefix, *args, **kwargs)
           ^^^^^^^^^^^^^^^^^^^^^^^^^^^^^^^^^^^^^^^^^^^^^^^^^^^^^^^^^^^^
  File "C:\Users\hp\OneDrive\Desktop\enoch-shopping\venv\Lib\site-packages\django\urls\resolvers.py", line 831, in _reverse_with_prefix
    raise NoReverseMatch(msg)
django.urls.exceptions.NoReverseMatch: Reverse for 'order_history' not found. 'order_history' is not a valid view function or pattern name.
"GET / HTTP/1.1" 500 142171
Internal Server Error: /
Traceback (most recent call last):
  File "C:\Users\hp\OneDrive\Desktop\enoch-shopping\venv\Lib\site-packages\django\core\handlers\exception.py", line 55, in inner
    response = get_response(request)
               ^^^^^^^^^^^^^^^^^^^^^
  File "C:\Users\hp\OneDrive\Desktop\enoch-shopping\venv\Lib\site-packages\django\core\handlers\base.py", line 197, in _get_response
    response = wrapped_callback(request, *callback_args, **callback_kwargs)
               ^^^^^^^^^^^^^^^^^^^^^^^^^^^^^^^^^^^^^^^^^^^^^^^^^^^^^^^^^^^^
  File "C:\Users\hp\OneDrive\Desktop\enoch-shopping\shop\views.py", line 1619, in home
    return render(request, 'shop/home.html', {'products': products})
           ^^^^^^^^^^^^^^^^^^^^^^^^^^^^^^^^^^^^^^^^^^^^^^^^^^^^^^^^^
  File "C:\Users\hp\OneDrive\Desktop\enoch-shopping\venv\Lib\site-packages\django\shortcuts.py", line 25, in render
    content = loader.render_to_string(template_name, context, request, using=using)
              ^^^^^^^^^^^^^^^^^^^^^^^^^^^^^^^^^^^^^^^^^^^^^^^^^^^^^^^^^^^^^^^^^^^^^
  File "C:\Users\hp\OneDrive\Desktop\enoch-shopping\venv\Lib\site-packages\django\template\loader.py", line 62, in render_to_string
    return template.render(context, request)
           ^^^^^^^^^^^^^^^^^^^^^^^^^^^^^^^^^
  File "C:\Users\hp\OneDrive\Desktop\enoch-shopping\venv\Lib\site-packages\django\template\backends\django.py", line 107, in render
    return self.template.render(context)
           ^^^^^^^^^^^^^^^^^^^^^^^^^^^^^
  File "C:\Users\hp\OneDrive\Desktop\enoch-shopping\venv\Lib\site-packages\django\template\base.py", line 171, in render
    return self._render(context)
           ^^^^^^^^^^^^^^^^^^^^^
  File "C:\Users\hp\OneDrive\Desktop\enoch-shopping\venv\Lib\site-packages\django\template\base.py", line 163, in _render
    return self.nodelist.render(context)
           ^^^^^^^^^^^^^^^^^^^^^^^^^^^^^
  File "C:\Users\hp\OneDrive\Desktop\enoch-shopping\venv\Lib\site-packages\django\template\base.py", line 1008, in render
    return SafeString("".join([node.render_annotated(context) for node in self]))
                               ^^^^^^^^^^^^^^^^^^^^^^^^^^^^^^
  File "C:\Users\hp\OneDrive\Desktop\enoch-shopping\venv\Lib\site-packages\django\template\base.py", line 969, in render_annotated
    return self.render(context)
           ^^^^^^^^^^^^^^^^^^^^
  File "C:\Users\hp\OneDrive\Desktop\enoch-shopping\venv\Lib\site-packages\django\template\loader_tags.py", line 159, in render
    return compiled_parent._render(context)
           ^^^^^^^^^^^^^^^^^^^^^^^^^^^^^^^^
  File "C:\Users\hp\OneDrive\Desktop\enoch-shopping\venv\Lib\site-packages\django\template\base.py", line 163, in _render
    return self.nodelist.render(context)
           ^^^^^^^^^^^^^^^^^^^^^^^^^^^^^
  File "C:\Users\hp\OneDrive\Desktop\enoch-shopping\venv\Lib\site-packages\django\template\base.py", line 1008, in render
    return SafeString("".join([node.render_annotated(context) for node in self]))
                               ^^^^^^^^^^^^^^^^^^^^^^^^^^^^^^
  File "C:\Users\hp\OneDrive\Desktop\enoch-shopping\venv\Lib\site-packages\django\template\base.py", line 969, in render_annotated
    return self.render(context)
           ^^^^^^^^^^^^^^^^^^^^
  File "C:\Users\hp\OneDrive\Desktop\enoch-shopping\venv\Lib\site-packages\django\template\defaulttags.py", line 480, in render
    url = reverse(view_name, args=args, kwargs=kwargs, current_app=current_app)
          ^^^^^^^^^^^^^^^^^^^^^^^^^^^^^^^^^^^^^^^^^^^^^^^^^^^^^^^^^^^^^^^^^^^^^
  File "C:\Users\hp\OneDrive\Desktop\enoch-shopping\venv\Lib\site-packages\django\urls\base.py", line 88, in reverse
    return resolver._reverse_with_prefix(view, prefix, *args, **kwargs)
           ^^^^^^^^^^^^^^^^^^^^^^^^^^^^^^^^^^^^^^^^^^^^^^^^^^^^^^^^^^^^
  File "C:\Users\hp\OneDrive\Desktop\enoch-shopping\venv\Lib\site-packages\django\urls\resolvers.py", line 831, in _reverse_with_prefix
    raise NoReverseMatch(msg)
django.urls.exceptions.NoReverseMatch: Reverse for 'order_history' not found. 'order_history' is not a valid view function or pattern name.
"GET / HTTP/1.1" 500 142171
Internal Server Error: /
Traceback (most recent call last):
  File "C:\Users\hp\OneDrive\Desktop\enoch-shopping\venv\Lib\site-packages\django\core\handlers\exception.py", line 55, in inner
    response = get_response(request)
               ^^^^^^^^^^^^^^^^^^^^^
  File "C:\Users\hp\OneDrive\Desktop\enoch-shopping\venv\Lib\site-packages\django\core\handlers\base.py", line 197, in _get_response
    response = wrapped_callback(request, *callback_args, **callback_kwargs)
               ^^^^^^^^^^^^^^^^^^^^^^^^^^^^^^^^^^^^^^^^^^^^^^^^^^^^^^^^^^^^
  File "C:\Users\hp\OneDrive\Desktop\enoch-shopping\shop\views.py", line 1619, in home
    return render(request, 'shop/home.html', {'products': products})
           ^^^^^^^^^^^^^^^^^^^^^^^^^^^^^^^^^^^^^^^^^^^^^^^^^^^^^^^^^
  File "C:\Users\hp\OneDrive\Desktop\enoch-shopping\venv\Lib\site-packages\django\shortcuts.py", line 25, in render
    content = loader.render_to_string(template_name, context, request, using=using)
              ^^^^^^^^^^^^^^^^^^^^^^^^^^^^^^^^^^^^^^^^^^^^^^^^^^^^^^^^^^^^^^^^^^^^^
  File "C:\Users\hp\OneDrive\Desktop\enoch-shopping\venv\Lib\site-packages\django\template\loader.py", line 62, in render_to_string
    return template.render(context, request)
           ^^^^^^^^^^^^^^^^^^^^^^^^^^^^^^^^^
  File "C:\Users\hp\OneDrive\Desktop\enoch-shopping\venv\Lib\site-packages\django\template\backends\django.py", line 107, in render
    return self.template.render(context)
           ^^^^^^^^^^^^^^^^^^^^^^^^^^^^^
  File "C:\Users\hp\OneDrive\Desktop\enoch-shopping\venv\Lib\site-packages\django\template\base.py", line 171, in render
    return self._render(context)
           ^^^^^^^^^^^^^^^^^^^^^
  File "C:\Users\hp\OneDrive\Desktop\enoch-shopping\venv\Lib\site-packages\django\template\base.py", line 163, in _render
    return self.nodelist.render(context)
           ^^^^^^^^^^^^^^^^^^^^^^^^^^^^^
  File "C:\Users\hp\OneDrive\Desktop\enoch-shopping\venv\Lib\site-packages\django\template\base.py", line 1008, in render
    return SafeString("".join([node.render_annotated(context) for node in self]))
                               ^^^^^^^^^^^^^^^^^^^^^^^^^^^^^^
  File "C:\Users\hp\OneDrive\Desktop\enoch-shopping\venv\Lib\site-packages\django\template\base.py", line 969, in render_annotated
    return self.render(context)
           ^^^^^^^^^^^^^^^^^^^^
  File "C:\Users\hp\OneDrive\Desktop\enoch-shopping\venv\Lib\site-packages\django\template\loader_tags.py", line 159, in render
    return compiled_parent._render(context)
           ^^^^^^^^^^^^^^^^^^^^^^^^^^^^^^^^
  File "C:\Users\hp\OneDrive\Desktop\enoch-shopping\venv\Lib\site-packages\django\template\base.py", line 163, in _render
    return self.nodelist.render(context)
           ^^^^^^^^^^^^^^^^^^^^^^^^^^^^^
  File "C:\Users\hp\OneDrive\Desktop\enoch-shopping\venv\Lib\site-packages\django\template\base.py", line 1008, in render
    return SafeString("".join([node.render_annotated(context) for node in self]))
                               ^^^^^^^^^^^^^^^^^^^^^^^^^^^^^^
  File "C:\Users\hp\OneDrive\Desktop\enoch-shopping\venv\Lib\site-packages\django\template\base.py", line 969, in render_annotated
    return self.render(context)
           ^^^^^^^^^^^^^^^^^^^^
  File "C:\Users\hp\OneDrive\Desktop\enoch-shopping\venv\Lib\site-packages\django\template\defaulttags.py", line 480, in render
    url = reverse(view_name, args=args, kwargs=kwargs, current_app=current_app)
          ^^^^^^^^^^^^^^^^^^^^^^^^^^^^^^^^^^^^^^^^^^^^^^^^^^^^^^^^^^^^^^^^^^^^^
  File "C:\Users\hp\OneDrive\Desktop\enoch-shopping\venv\Lib\site-packages\django\urls\base.py", line 88, in reverse
    return resolver._reverse_with_prefix(view, prefix, *args, **kwargs)
           ^^^^^^^^^^^^^^^^^^^^^^^^^^^^^^^^^^^^^^^^^^^^^^^^^^^^^^^^^^^^
  File "C:\Users\hp\OneDrive\Desktop\enoch-shopping\venv\Lib\site-packages\django\urls\resolvers.py", line 831, in _reverse_with_prefix
    raise NoReverseMatch(msg)
django.urls.exceptions.NoReverseMatch: Reverse for 'order_history' not found. 'order_history' is not a valid view function or pattern name.
"GET / HTTP/1.1" 500 142171
"GET /static/images/profile.jpg HTTP/1.1" 404 1981
Internal Server Error: /wishlist/
Traceback (most recent call last):
  File "C:\Users\hp\OneDrive\Desktop\enoch-shopping\venv\Lib\site-packages\django\core\handlers\exception.py", line 55, in inner
    response = get_response(request)
               ^^^^^^^^^^^^^^^^^^^^^
  File "C:\Users\hp\OneDrive\Desktop\enoch-shopping\venv\Lib\site-packages\django\core\handlers\base.py", line 197, in _get_response
    response = wrapped_callback(request, *callback_args, **callback_kwargs)
               ^^^^^^^^^^^^^^^^^^^^^^^^^^^^^^^^^^^^^^^^^^^^^^^^^^^^^^^^^^^^
  File "C:\Users\hp\OneDrive\Desktop\enoch-shopping\shop\views.py", line 748, in wishlist_view
    return redirect('login')  # Redirect to login if not authenticated
           ^^^^^^^^^^^^^^^^^
  File "C:\Users\hp\OneDrive\Desktop\enoch-shopping\venv\Lib\site-packages\django\shortcuts.py", line 49, in redirect
    return redirect_class(resolve_url(to, *args, **kwargs))
                          ^^^^^^^^^^^^^^^^^^^^^^^^^^^^^^^^
  File "C:\Users\hp\OneDrive\Desktop\enoch-shopping\venv\Lib\site-packages\django\shortcuts.py", line 180, in resolve_url
    return reverse(to, args=args, kwargs=kwargs)
           ^^^^^^^^^^^^^^^^^^^^^^^^^^^^^^^^^^^^^
  File "C:\Users\hp\OneDrive\Desktop\enoch-shopping\venv\Lib\site-packages\django\urls\base.py", line 88, in reverse
    return resolver._reverse_with_prefix(view, prefix, *args, **kwargs)
           ^^^^^^^^^^^^^^^^^^^^^^^^^^^^^^^^^^^^^^^^^^^^^^^^^^^^^^^^^^^^
  File "C:\Users\hp\OneDrive\Desktop\enoch-shopping\venv\Lib\site-packages\django\urls\resolvers.py", line 831, in _reverse_with_prefix
    raise NoReverseMatch(msg)
django.urls.exceptions.NoReverseMatch: Reverse for 'login' not found. 'login' is not a valid view function or pattern name.
"GET /wishlist/ HTTP/1.1" 500 83493
Internal Server Error: /wishlist/
Traceback (most recent call last):
  File "C:\Users\hp\OneDrive\Desktop\enoch-shopping\venv\Lib\site-packages\django\core\handlers\exception.py", line 55, in inner
    response = get_response(request)
               ^^^^^^^^^^^^^^^^^^^^^
  File "C:\Users\hp\OneDrive\Desktop\enoch-shopping\venv\Lib\site-packages\django\core\handlers\base.py", line 197, in _get_response
    response = wrapped_callback(request, *callback_args, **callback_kwargs)
               ^^^^^^^^^^^^^^^^^^^^^^^^^^^^^^^^^^^^^^^^^^^^^^^^^^^^^^^^^^^^
  File "C:\Users\hp\OneDrive\Desktop\enoch-shopping\shop\views.py", line 748, in wishlist_view
    return redirect('login')  # Redirect to login if not authenticated
           ^^^^^^^^^^^^^^^^^
  File "C:\Users\hp\OneDrive\Desktop\enoch-shopping\venv\Lib\site-packages\django\shortcuts.py", line 49, in redirect
    return redirect_class(resolve_url(to, *args, **kwargs))
                          ^^^^^^^^^^^^^^^^^^^^^^^^^^^^^^^^
  File "C:\Users\hp\OneDrive\Desktop\enoch-shopping\venv\Lib\site-packages\django\shortcuts.py", line 180, in resolve_url
    return reverse(to, args=args, kwargs=kwargs)
           ^^^^^^^^^^^^^^^^^^^^^^^^^^^^^^^^^^^^^
  File "C:\Users\hp\OneDrive\Desktop\enoch-shopping\venv\Lib\site-packages\django\urls\base.py", line 88, in reverse
    return resolver._reverse_with_prefix(view, prefix, *args, **kwargs)
           ^^^^^^^^^^^^^^^^^^^^^^^^^^^^^^^^^^^^^^^^^^^^^^^^^^^^^^^^^^^^
  File "C:\Users\hp\OneDrive\Desktop\enoch-shopping\venv\Lib\site-packages\django\urls\resolvers.py", line 831, in _reverse_with_prefix
    raise NoReverseMatch(msg)
django.urls.exceptions.NoReverseMatch: Reverse for 'login' not found. 'login' is not a valid view function or pattern name.
"GET /wishlist/ HTTP/1.1" 500 83629
"GET /static/images/profile.jpg HTTP/1.1" 404 1981
"GET /static/images/profile.jpg HTTP/1.1" 404 1981
"GET /static/images/profile.jpg HTTP/1.1" 404 1981
"GET /static/images/profile.jpg HTTP/1.1" 404 1981
"GET /static/images/profile.jpg HTTP/1.1" 404 1981
"GET /static/images/profile.jpg HTTP/1.1" 404 1981
"GET /static/images/profile.jpg HTTP/1.1" 404 1981
"GET /static/images/profile.jpg HTTP/1.1" 404 1981
"GET /static/images/profile.jpg HTTP/1.1" 404 1981
"GET /static/images/profile.jpg HTTP/1.1" 404 1981
"GET /static/images/profile.jpg HTTP/1.1" 404 1981
"GET /static/images/profile.jpg HTTP/1.1" 404 1981
"GET /static/images/profile.jpg HTTP/1.1" 404 1981
Internal Server Error: /wishlist/
Traceback (most recent call last):
  File "C:\Users\hp\OneDrive\Desktop\enoch-shopping\venv\Lib\site-packages\django\core\handlers\exception.py", line 55, in inner
    response = get_response(request)
               ^^^^^^^^^^^^^^^^^^^^^
  File "C:\Users\hp\OneDrive\Desktop\enoch-shopping\venv\Lib\site-packages\django\core\handlers\base.py", line 197, in _get_response
    response = wrapped_callback(request, *callback_args, **callback_kwargs)
               ^^^^^^^^^^^^^^^^^^^^^^^^^^^^^^^^^^^^^^^^^^^^^^^^^^^^^^^^^^^^
  File "C:\Users\hp\OneDrive\Desktop\enoch-shopping\shop\views.py", line 748, in wishlist_view
    return redirect('login')  # Redirect to login if not authenticated
           ^^^^^^^^^^^^^^^^^
  File "C:\Users\hp\OneDrive\Desktop\enoch-shopping\venv\Lib\site-packages\django\shortcuts.py", line 49, in redirect
    return redirect_class(resolve_url(to, *args, **kwargs))
                          ^^^^^^^^^^^^^^^^^^^^^^^^^^^^^^^^
  File "C:\Users\hp\OneDrive\Desktop\enoch-shopping\venv\Lib\site-packages\django\shortcuts.py", line 180, in resolve_url
    return reverse(to, args=args, kwargs=kwargs)
           ^^^^^^^^^^^^^^^^^^^^^^^^^^^^^^^^^^^^^
  File "C:\Users\hp\OneDrive\Desktop\enoch-shopping\venv\Lib\site-packages\django\urls\base.py", line 88, in reverse
    return resolver._reverse_with_prefix(view, prefix, *args, **kwargs)
           ^^^^^^^^^^^^^^^^^^^^^^^^^^^^^^^^^^^^^^^^^^^^^^^^^^^^^^^^^^^^
  File "C:\Users\hp\OneDrive\Desktop\enoch-shopping\venv\Lib\site-packages\django\urls\resolvers.py", line 831, in _reverse_with_prefix
    raise NoReverseMatch(msg)
django.urls.exceptions.NoReverseMatch: Reverse for 'login' not found. 'login' is not a valid view function or pattern name.
"GET /wishlist/ HTTP/1.1" 500 83694
Not Found: /shop/login/
"GET /shop/login/?next=/track-order/ HTTP/1.1" 404 22143
Internal Server Error: /wishlist/
Traceback (most recent call last):
  File "C:\Users\hp\OneDrive\Desktop\enoch-shopping\venv\Lib\site-packages\django\core\handlers\exception.py", line 55, in inner
    response = get_response(request)
               ^^^^^^^^^^^^^^^^^^^^^
  File "C:\Users\hp\OneDrive\Desktop\enoch-shopping\venv\Lib\site-packages\django\core\handlers\base.py", line 197, in _get_response
    response = wrapped_callback(request, *callback_args, **callback_kwargs)
               ^^^^^^^^^^^^^^^^^^^^^^^^^^^^^^^^^^^^^^^^^^^^^^^^^^^^^^^^^^^^
  File "C:\Users\hp\OneDrive\Desktop\enoch-shopping\shop\views.py", line 748, in wishlist_view
    return redirect('login')  # Redirect to login if not authenticated
           ^^^^^^^^^^^^^^^^^
  File "C:\Users\hp\OneDrive\Desktop\enoch-shopping\venv\Lib\site-packages\django\shortcuts.py", line 49, in redirect
    return redirect_class(resolve_url(to, *args, **kwargs))
                          ^^^^^^^^^^^^^^^^^^^^^^^^^^^^^^^^
  File "C:\Users\hp\OneDrive\Desktop\enoch-shopping\venv\Lib\site-packages\django\shortcuts.py", line 180, in resolve_url
    return reverse(to, args=args, kwargs=kwargs)
           ^^^^^^^^^^^^^^^^^^^^^^^^^^^^^^^^^^^^^
  File "C:\Users\hp\OneDrive\Desktop\enoch-shopping\venv\Lib\site-packages\django\urls\base.py", line 88, in reverse
    return resolver._reverse_with_prefix(view, prefix, *args, **kwargs)
           ^^^^^^^^^^^^^^^^^^^^^^^^^^^^^^^^^^^^^^^^^^^^^^^^^^^^^^^^^^^^
  File "C:\Users\hp\OneDrive\Desktop\enoch-shopping\venv\Lib\site-packages\django\urls\resolvers.py", line 831, in _reverse_with_prefix
    raise NoReverseMatch(msg)
django.urls.exceptions.NoReverseMatch: Reverse for 'login' not found. 'login' is not a valid view function or pattern name.
"GET /wishlist/ HTTP/1.1" 500 83698
Internal Server Error: /wishlist/
Traceback (most recent call last):
  File "C:\Users\hp\OneDrive\Desktop\enoch-shopping\venv\Lib\site-packages\django\core\handlers\exception.py", line 55, in inner
    response = get_response(request)
               ^^^^^^^^^^^^^^^^^^^^^
  File "C:\Users\hp\OneDrive\Desktop\enoch-shopping\venv\Lib\site-packages\django\core\handlers\base.py", line 197, in _get_response
    response = wrapped_callback(request, *callback_args, **callback_kwargs)
               ^^^^^^^^^^^^^^^^^^^^^^^^^^^^^^^^^^^^^^^^^^^^^^^^^^^^^^^^^^^^
  File "C:\Users\hp\OneDrive\Desktop\enoch-shopping\shop\views.py", line 748, in wishlist_view
    return redirect('login')  # Redirect to login if not authenticated
           ^^^^^^^^^^^^^^^^^
  File "C:\Users\hp\OneDrive\Desktop\enoch-shopping\venv\Lib\site-packages\django\shortcuts.py", line 49, in redirect
    return redirect_class(resolve_url(to, *args, **kwargs))
                          ^^^^^^^^^^^^^^^^^^^^^^^^^^^^^^^^
  File "C:\Users\hp\OneDrive\Desktop\enoch-shopping\venv\Lib\site-packages\django\shortcuts.py", line 180, in resolve_url
    return reverse(to, args=args, kwargs=kwargs)
           ^^^^^^^^^^^^^^^^^^^^^^^^^^^^^^^^^^^^^
  File "C:\Users\hp\OneDrive\Desktop\enoch-shopping\venv\Lib\site-packages\django\urls\base.py", line 88, in reverse
    return resolver._reverse_with_prefix(view, prefix, *args, **kwargs)
           ^^^^^^^^^^^^^^^^^^^^^^^^^^^^^^^^^^^^^^^^^^^^^^^^^^^^^^^^^^^^
  File "C:\Users\hp\OneDrive\Desktop\enoch-shopping\venv\Lib\site-packages\django\urls\resolvers.py", line 831, in _reverse_with_prefix
    raise NoReverseMatch(msg)
django.urls.exceptions.NoReverseMatch: Reverse for 'login' not found. 'login' is not a valid view function or pattern name.
"GET /wishlist/ HTTP/1.1" 500 83835
Internal Server Error: /wishlist/
Traceback (most recent call last):
  File "C:\Users\hp\OneDrive\Desktop\enoch-shopping\venv\Lib\site-packages\django\core\handlers\exception.py", line 55, in inner
    response = get_response(request)
               ^^^^^^^^^^^^^^^^^^^^^
  File "C:\Users\hp\OneDrive\Desktop\enoch-shopping\venv\Lib\site-packages\django\core\handlers\base.py", line 197, in _get_response
    response = wrapped_callback(request, *callback_args, **callback_kwargs)
               ^^^^^^^^^^^^^^^^^^^^^^^^^^^^^^^^^^^^^^^^^^^^^^^^^^^^^^^^^^^^
  File "C:\Users\hp\OneDrive\Desktop\enoch-shopping\shop\views.py", line 748, in wishlist_view
    return redirect('login')  # Redirect to login if not authenticated
           ^^^^^^^^^^^^^^^^^
  File "C:\Users\hp\OneDrive\Desktop\enoch-shopping\venv\Lib\site-packages\django\shortcuts.py", line 49, in redirect
    return redirect_class(resolve_url(to, *args, **kwargs))
                          ^^^^^^^^^^^^^^^^^^^^^^^^^^^^^^^^
  File "C:\Users\hp\OneDrive\Desktop\enoch-shopping\venv\Lib\site-packages\django\shortcuts.py", line 180, in resolve_url
    return reverse(to, args=args, kwargs=kwargs)
           ^^^^^^^^^^^^^^^^^^^^^^^^^^^^^^^^^^^^^
  File "C:\Users\hp\OneDrive\Desktop\enoch-shopping\venv\Lib\site-packages\django\urls\base.py", line 88, in reverse
    return resolver._reverse_with_prefix(view, prefix, *args, **kwargs)
           ^^^^^^^^^^^^^^^^^^^^^^^^^^^^^^^^^^^^^^^^^^^^^^^^^^^^^^^^^^^^
  File "C:\Users\hp\OneDrive\Desktop\enoch-shopping\venv\Lib\site-packages\django\urls\resolvers.py", line 831, in _reverse_with_prefix
    raise NoReverseMatch(msg)
django.urls.exceptions.NoReverseMatch: Reverse for 'login' not found. 'login' is not a valid view function or pattern name.
"GET /wishlist/ HTTP/1.1" 500 83839
Internal Server Error: /wishlist/
Traceback (most recent call last):
  File "C:\Users\hp\OneDrive\Desktop\enoch-shopping\venv\Lib\site-packages\django\core\handlers\exception.py", line 55, in inner
    response = get_response(request)
               ^^^^^^^^^^^^^^^^^^^^^
  File "C:\Users\hp\OneDrive\Desktop\enoch-shopping\venv\Lib\site-packages\django\core\handlers\base.py", line 197, in _get_response
    response = wrapped_callback(request, *callback_args, **callback_kwargs)
               ^^^^^^^^^^^^^^^^^^^^^^^^^^^^^^^^^^^^^^^^^^^^^^^^^^^^^^^^^^^^
  File "C:\Users\hp\OneDrive\Desktop\enoch-shopping\shop\views.py", line 748, in wishlist_view
    return redirect('login')  # Redirect to login if not authenticated
           ^^^^^^^^^^^^^^^^^
  File "C:\Users\hp\OneDrive\Desktop\enoch-shopping\venv\Lib\site-packages\django\shortcuts.py", line 49, in redirect
    return redirect_class(resolve_url(to, *args, **kwargs))
                          ^^^^^^^^^^^^^^^^^^^^^^^^^^^^^^^^
  File "C:\Users\hp\OneDrive\Desktop\enoch-shopping\venv\Lib\site-packages\django\shortcuts.py", line 180, in resolve_url
    return reverse(to, args=args, kwargs=kwargs)
           ^^^^^^^^^^^^^^^^^^^^^^^^^^^^^^^^^^^^^
  File "C:\Users\hp\OneDrive\Desktop\enoch-shopping\venv\Lib\site-packages\django\urls\base.py", line 88, in reverse
    return resolver._reverse_with_prefix(view, prefix, *args, **kwargs)
           ^^^^^^^^^^^^^^^^^^^^^^^^^^^^^^^^^^^^^^^^^^^^^^^^^^^^^^^^^^^^
  File "C:\Users\hp\OneDrive\Desktop\enoch-shopping\venv\Lib\site-packages\django\urls\resolvers.py", line 831, in _reverse_with_prefix
    raise NoReverseMatch(msg)
django.urls.exceptions.NoReverseMatch: Reverse for 'login' not found. 'login' is not a valid view function or pattern name.
"GET /wishlist/ HTTP/1.1" 500 83837
"GET /static/images/profile.jpg HTTP/1.1" 404 1981
Internal Server Error: /wishlist/
Traceback (most recent call last):
  File "C:\Users\hp\OneDrive\Desktop\enoch-shopping\venv\Lib\site-packages\django\core\handlers\exception.py", line 55, in inner
    response = get_response(request)
               ^^^^^^^^^^^^^^^^^^^^^
  File "C:\Users\hp\OneDrive\Desktop\enoch-shopping\venv\Lib\site-packages\django\core\handlers\base.py", line 197, in _get_response
    response = wrapped_callback(request, *callback_args, **callback_kwargs)
               ^^^^^^^^^^^^^^^^^^^^^^^^^^^^^^^^^^^^^^^^^^^^^^^^^^^^^^^^^^^^
  File "C:\Users\hp\OneDrive\Desktop\enoch-shopping\shop\views.py", line 748, in wishlist_view
    return redirect('login')  # Redirect to login if not authenticated
           ^^^^^^^^^^^^^^^^^
  File "C:\Users\hp\OneDrive\Desktop\enoch-shopping\venv\Lib\site-packages\django\shortcuts.py", line 49, in redirect
    return redirect_class(resolve_url(to, *args, **kwargs))
                          ^^^^^^^^^^^^^^^^^^^^^^^^^^^^^^^^
  File "C:\Users\hp\OneDrive\Desktop\enoch-shopping\venv\Lib\site-packages\django\shortcuts.py", line 180, in resolve_url
    return reverse(to, args=args, kwargs=kwargs)
           ^^^^^^^^^^^^^^^^^^^^^^^^^^^^^^^^^^^^^
  File "C:\Users\hp\OneDrive\Desktop\enoch-shopping\venv\Lib\site-packages\django\urls\base.py", line 88, in reverse
    return resolver._reverse_with_prefix(view, prefix, *args, **kwargs)
           ^^^^^^^^^^^^^^^^^^^^^^^^^^^^^^^^^^^^^^^^^^^^^^^^^^^^^^^^^^^^
  File "C:\Users\hp\OneDrive\Desktop\enoch-shopping\venv\Lib\site-packages\django\urls\resolvers.py", line 831, in _reverse_with_prefix
    raise NoReverseMatch(msg)
django.urls.exceptions.NoReverseMatch: Reverse for 'login' not found. 'login' is not a valid view function or pattern name.
"GET /wishlist/ HTTP/1.1" 500 83692
Internal Server Error: /login/
Traceback (most recent call last):
  File "C:\Users\hp\OneDrive\Desktop\enoch-shopping\venv\Lib\site-packages\django\core\handlers\exception.py", line 55, in inner
    response = get_response(request)
               ^^^^^^^^^^^^^^^^^^^^^
  File "C:\Users\hp\OneDrive\Desktop\enoch-shopping\venv\Lib\site-packages\django\core\handlers\base.py", line 197, in _get_response
    response = wrapped_callback(request, *callback_args, **callback_kwargs)
               ^^^^^^^^^^^^^^^^^^^^^^^^^^^^^^^^^^^^^^^^^^^^^^^^^^^^^^^^^^^^
  File "C:\Users\hp\OneDrive\Desktop\enoch-shopping\shop\views.py", line 318, in login_view
    return render(request, 'login.html', {'form': form})
           ^^^^^^^^^^^^^^^^^^^^^^^^^^^^^^^^^^^^^^^^^^^^^
  File "C:\Users\hp\OneDrive\Desktop\enoch-shopping\venv\Lib\site-packages\django\shortcuts.py", line 25, in render
    content = loader.render_to_string(template_name, context, request, using=using)
              ^^^^^^^^^^^^^^^^^^^^^^^^^^^^^^^^^^^^^^^^^^^^^^^^^^^^^^^^^^^^^^^^^^^^^
  File "C:\Users\hp\OneDrive\Desktop\enoch-shopping\venv\Lib\site-packages\django\template\loader.py", line 61, in render_to_string
    template = get_template(template_name, using=using)
               ^^^^^^^^^^^^^^^^^^^^^^^^^^^^^^^^^^^^^^^^
  File "C:\Users\hp\OneDrive\Desktop\enoch-shopping\venv\Lib\site-packages\django\template\loader.py", line 19, in get_template
    raise TemplateDoesNotExist(template_name, chain=chain)
django.template.exceptions.TemplateDoesNotExist: login.html
"GET /login/ HTTP/1.1" 500 83059
Internal Server Error: /login/
Traceback (most recent call last):
  File "C:\Users\hp\OneDrive\Desktop\enoch-shopping\venv\Lib\site-packages\django\core\handlers\exception.py", line 55, in inner
    response = get_response(request)
               ^^^^^^^^^^^^^^^^^^^^^
  File "C:\Users\hp\OneDrive\Desktop\enoch-shopping\venv\Lib\site-packages\django\core\handlers\base.py", line 197, in _get_response
    response = wrapped_callback(request, *callback_args, **callback_kwargs)
               ^^^^^^^^^^^^^^^^^^^^^^^^^^^^^^^^^^^^^^^^^^^^^^^^^^^^^^^^^^^^
  File "C:\Users\hp\OneDrive\Desktop\enoch-shopping\shop\views.py", line 318, in login_view
    return render(request, 'login.html', {'form': form})
           ^^^^^^^^^^^^^^^^^^^^^^^^^^^^^^^^^^^^^^^^^^^^^
  File "C:\Users\hp\OneDrive\Desktop\enoch-shopping\venv\Lib\site-packages\django\shortcuts.py", line 25, in render
    content = loader.render_to_string(template_name, context, request, using=using)
              ^^^^^^^^^^^^^^^^^^^^^^^^^^^^^^^^^^^^^^^^^^^^^^^^^^^^^^^^^^^^^^^^^^^^^
  File "C:\Users\hp\OneDrive\Desktop\enoch-shopping\venv\Lib\site-packages\django\template\loader.py", line 61, in render_to_string
    template = get_template(template_name, using=using)
               ^^^^^^^^^^^^^^^^^^^^^^^^^^^^^^^^^^^^^^^^
  File "C:\Users\hp\OneDrive\Desktop\enoch-shopping\venv\Lib\site-packages\django\template\loader.py", line 19, in get_template
    raise TemplateDoesNotExist(template_name, chain=chain)
django.template.exceptions.TemplateDoesNotExist: login.html
"GET /login/ HTTP/1.1" 500 83059
"GET /static/images/profile.jpg HTTP/1.1" 404 1981
Not Found: /favicon.ico
"GET /favicon.ico HTTP/1.1" 404 22383
Internal Server Error: /login/
Traceback (most recent call last):
  File "C:\Users\hp\OneDrive\Desktop\enoch-shopping\venv\Lib\site-packages\django\core\handlers\exception.py", line 55, in inner
    response = get_response(request)
               ^^^^^^^^^^^^^^^^^^^^^
  File "C:\Users\hp\OneDrive\Desktop\enoch-shopping\venv\Lib\site-packages\django\core\handlers\base.py", line 197, in _get_response
    response = wrapped_callback(request, *callback_args, **callback_kwargs)
               ^^^^^^^^^^^^^^^^^^^^^^^^^^^^^^^^^^^^^^^^^^^^^^^^^^^^^^^^^^^^
  File "C:\Users\hp\OneDrive\Desktop\enoch-shopping\shop\views.py", line 318, in login_view
    return render(request, 'login.html', {'form': form})
           ^^^^^^^^^^^^^^^^^^^^^^^^^^^^^^^^^^^^^^^^^^^^^
  File "C:\Users\hp\OneDrive\Desktop\enoch-shopping\venv\Lib\site-packages\django\shortcuts.py", line 25, in render
    content = loader.render_to_string(template_name, context, request, using=using)
              ^^^^^^^^^^^^^^^^^^^^^^^^^^^^^^^^^^^^^^^^^^^^^^^^^^^^^^^^^^^^^^^^^^^^^
  File "C:\Users\hp\OneDrive\Desktop\enoch-shopping\venv\Lib\site-packages\django\template\loader.py", line 61, in render_to_string
    template = get_template(template_name, using=using)
               ^^^^^^^^^^^^^^^^^^^^^^^^^^^^^^^^^^^^^^^^
  File "C:\Users\hp\OneDrive\Desktop\enoch-shopping\venv\Lib\site-packages\django\template\loader.py", line 19, in get_template
    raise TemplateDoesNotExist(template_name, chain=chain)
django.template.exceptions.TemplateDoesNotExist: login.html
"GET /login/ HTTP/1.1" 500 82671
Internal Server Error: /login/
Traceback (most recent call last):
  File "C:\Users\hp\OneDrive\Desktop\enoch-shopping\venv\Lib\site-packages\django\core\handlers\exception.py", line 55, in inner
    response = get_response(request)
               ^^^^^^^^^^^^^^^^^^^^^
  File "C:\Users\hp\OneDrive\Desktop\enoch-shopping\venv\Lib\site-packages\django\core\handlers\base.py", line 197, in _get_response
    response = wrapped_callback(request, *callback_args, **callback_kwargs)
               ^^^^^^^^^^^^^^^^^^^^^^^^^^^^^^^^^^^^^^^^^^^^^^^^^^^^^^^^^^^^
  File "C:\Users\hp\OneDrive\Desktop\enoch-shopping\shop\views.py", line 318, in login_view
    return render(request, 'login.html', {'form': form})
           ^^^^^^^^^^^^^^^^^^^^^^^^^^^^^^^^^^^^^^^^^^^^^
  File "C:\Users\hp\OneDrive\Desktop\enoch-shopping\venv\Lib\site-packages\django\shortcuts.py", line 25, in render
    content = loader.render_to_string(template_name, context, request, using=using)
              ^^^^^^^^^^^^^^^^^^^^^^^^^^^^^^^^^^^^^^^^^^^^^^^^^^^^^^^^^^^^^^^^^^^^^
  File "C:\Users\hp\OneDrive\Desktop\enoch-shopping\venv\Lib\site-packages\django\template\loader.py", line 61, in render_to_string
    template = get_template(template_name, using=using)
               ^^^^^^^^^^^^^^^^^^^^^^^^^^^^^^^^^^^^^^^^
  File "C:\Users\hp\OneDrive\Desktop\enoch-shopping\venv\Lib\site-packages\django\template\loader.py", line 19, in get_template
    raise TemplateDoesNotExist(template_name, chain=chain)
django.template.exceptions.TemplateDoesNotExist: login.html
"GET /login/ HTTP/1.1" 500 82808
Internal Server Error: /login/
Traceback (most recent call last):
  File "C:\Users\hp\OneDrive\Desktop\enoch-shopping\venv\Lib\site-packages\django\core\handlers\exception.py", line 55, in inner
    response = get_response(request)
               ^^^^^^^^^^^^^^^^^^^^^
  File "C:\Users\hp\OneDrive\Desktop\enoch-shopping\venv\Lib\site-packages\django\core\handlers\base.py", line 197, in _get_response
    response = wrapped_callback(request, *callback_args, **callback_kwargs)
               ^^^^^^^^^^^^^^^^^^^^^^^^^^^^^^^^^^^^^^^^^^^^^^^^^^^^^^^^^^^^
  File "C:\Users\hp\OneDrive\Desktop\enoch-shopping\shop\views.py", line 318, in login_view
    return render(request, 'login.html', {'form': form})
           ^^^^^^^^^^^^^^^^^^^^^^^^^^^^^^^^^^^^^^^^^^^^^
  File "C:\Users\hp\OneDrive\Desktop\enoch-shopping\venv\Lib\site-packages\django\shortcuts.py", line 25, in render
    content = loader.render_to_string(template_name, context, request, using=using)
              ^^^^^^^^^^^^^^^^^^^^^^^^^^^^^^^^^^^^^^^^^^^^^^^^^^^^^^^^^^^^^^^^^^^^^
  File "C:\Users\hp\OneDrive\Desktop\enoch-shopping\venv\Lib\site-packages\django\template\loader.py", line 61, in render_to_string
    template = get_template(template_name, using=using)
               ^^^^^^^^^^^^^^^^^^^^^^^^^^^^^^^^^^^^^^^^
  File "C:\Users\hp\OneDrive\Desktop\enoch-shopping\venv\Lib\site-packages\django\template\loader.py", line 19, in get_template
    raise TemplateDoesNotExist(template_name, chain=chain)
django.template.exceptions.TemplateDoesNotExist: login.html
"GET /login/ HTTP/1.1" 500 82808
Internal Server Error: /login/
Traceback (most recent call last):
  File "C:\Users\hp\OneDrive\Desktop\enoch-shopping\venv\Lib\site-packages\django\core\handlers\exception.py", line 55, in inner
    response = get_response(request)
               ^^^^^^^^^^^^^^^^^^^^^
  File "C:\Users\hp\OneDrive\Desktop\enoch-shopping\venv\Lib\site-packages\django\core\handlers\base.py", line 197, in _get_response
    response = wrapped_callback(request, *callback_args, **callback_kwargs)
               ^^^^^^^^^^^^^^^^^^^^^^^^^^^^^^^^^^^^^^^^^^^^^^^^^^^^^^^^^^^^
  File "C:\Users\hp\OneDrive\Desktop\enoch-shopping\shop\views.py", line 318, in login_view
    return render(request, 'login.html', {'form': form})
           ^^^^^^^^^^^^^^^^^^^^^^^^^^^^^^^^^^^^^^^^^^^^^
  File "C:\Users\hp\OneDrive\Desktop\enoch-shopping\venv\Lib\site-packages\django\shortcuts.py", line 25, in render
    content = loader.render_to_string(template_name, context, request, using=using)
              ^^^^^^^^^^^^^^^^^^^^^^^^^^^^^^^^^^^^^^^^^^^^^^^^^^^^^^^^^^^^^^^^^^^^^
  File "C:\Users\hp\OneDrive\Desktop\enoch-shopping\venv\Lib\site-packages\django\template\loader.py", line 61, in render_to_string
    template = get_template(template_name, using=using)
               ^^^^^^^^^^^^^^^^^^^^^^^^^^^^^^^^^^^^^^^^
  File "C:\Users\hp\OneDrive\Desktop\enoch-shopping\venv\Lib\site-packages\django\template\loader.py", line 19, in get_template
    raise TemplateDoesNotExist(template_name, chain=chain)
django.template.exceptions.TemplateDoesNotExist: login.html
"GET /login/ HTTP/1.1" 500 82808
Internal Server Error: /login/
Traceback (most recent call last):
  File "C:\Users\hp\OneDrive\Desktop\enoch-shopping\venv\Lib\site-packages\django\core\handlers\exception.py", line 55, in inner
    response = get_response(request)
               ^^^^^^^^^^^^^^^^^^^^^
  File "C:\Users\hp\OneDrive\Desktop\enoch-shopping\venv\Lib\site-packages\django\core\handlers\base.py", line 197, in _get_response
    response = wrapped_callback(request, *callback_args, **callback_kwargs)
               ^^^^^^^^^^^^^^^^^^^^^^^^^^^^^^^^^^^^^^^^^^^^^^^^^^^^^^^^^^^^
  File "C:\Users\hp\OneDrive\Desktop\enoch-shopping\shop\views.py", line 318, in login_view
    return render(request, 'login.html', {'form': form})
           ^^^^^^^^^^^^^^^^^^^^^^^^^^^^^^^^^^^^^^^^^^^^^
  File "C:\Users\hp\OneDrive\Desktop\enoch-shopping\venv\Lib\site-packages\django\shortcuts.py", line 25, in render
    content = loader.render_to_string(template_name, context, request, using=using)
              ^^^^^^^^^^^^^^^^^^^^^^^^^^^^^^^^^^^^^^^^^^^^^^^^^^^^^^^^^^^^^^^^^^^^^
  File "C:\Users\hp\OneDrive\Desktop\enoch-shopping\venv\Lib\site-packages\django\template\loader.py", line 61, in render_to_string
    template = get_template(template_name, using=using)
               ^^^^^^^^^^^^^^^^^^^^^^^^^^^^^^^^^^^^^^^^
  File "C:\Users\hp\OneDrive\Desktop\enoch-shopping\venv\Lib\site-packages\django\template\loader.py", line 19, in get_template
    raise TemplateDoesNotExist(template_name, chain=chain)
django.template.exceptions.TemplateDoesNotExist: login.html
"GET /login/ HTTP/1.1" 500 82808
Internal Server Error: /login/
Traceback (most recent call last):
  File "C:\Users\hp\OneDrive\Desktop\enoch-shopping\venv\Lib\site-packages\django\core\handlers\exception.py", line 55, in inner
    response = get_response(request)
               ^^^^^^^^^^^^^^^^^^^^^
  File "C:\Users\hp\OneDrive\Desktop\enoch-shopping\venv\Lib\site-packages\django\core\handlers\base.py", line 197, in _get_response
    response = wrapped_callback(request, *callback_args, **callback_kwargs)
               ^^^^^^^^^^^^^^^^^^^^^^^^^^^^^^^^^^^^^^^^^^^^^^^^^^^^^^^^^^^^
  File "C:\Users\hp\OneDrive\Desktop\enoch-shopping\shop\views.py", line 318, in login_view
    return render(request, 'login.html', {'form': form})
           ^^^^^^^^^^^^^^^^^^^^^^^^^^^^^^^^^^^^^^^^^^^^^
  File "C:\Users\hp\OneDrive\Desktop\enoch-shopping\venv\Lib\site-packages\django\shortcuts.py", line 25, in render
    content = loader.render_to_string(template_name, context, request, using=using)
              ^^^^^^^^^^^^^^^^^^^^^^^^^^^^^^^^^^^^^^^^^^^^^^^^^^^^^^^^^^^^^^^^^^^^^
  File "C:\Users\hp\OneDrive\Desktop\enoch-shopping\venv\Lib\site-packages\django\template\loader.py", line 61, in render_to_string
    template = get_template(template_name, using=using)
               ^^^^^^^^^^^^^^^^^^^^^^^^^^^^^^^^^^^^^^^^
  File "C:\Users\hp\OneDrive\Desktop\enoch-shopping\venv\Lib\site-packages\django\template\loader.py", line 19, in get_template
    raise TemplateDoesNotExist(template_name, chain=chain)
django.template.exceptions.TemplateDoesNotExist: login.html
"GET /login/ HTTP/1.1" 500 82808
Internal Server Error: /login/
Traceback (most recent call last):
  File "C:\Users\hp\OneDrive\Desktop\enoch-shopping\venv\Lib\site-packages\django\core\handlers\exception.py", line 55, in inner
    response = get_response(request)
               ^^^^^^^^^^^^^^^^^^^^^
  File "C:\Users\hp\OneDrive\Desktop\enoch-shopping\venv\Lib\site-packages\django\core\handlers\base.py", line 197, in _get_response
    response = wrapped_callback(request, *callback_args, **callback_kwargs)
               ^^^^^^^^^^^^^^^^^^^^^^^^^^^^^^^^^^^^^^^^^^^^^^^^^^^^^^^^^^^^
  File "C:\Users\hp\OneDrive\Desktop\enoch-shopping\shop\views.py", line 318, in login_view
    return render(request, 'login.html', {'form': form})
           ^^^^^^^^^^^^^^^^^^^^^^^^^^^^^^^^^^^^^^^^^^^^^
  File "C:\Users\hp\OneDrive\Desktop\enoch-shopping\venv\Lib\site-packages\django\shortcuts.py", line 25, in render
    content = loader.render_to_string(template_name, context, request, using=using)
              ^^^^^^^^^^^^^^^^^^^^^^^^^^^^^^^^^^^^^^^^^^^^^^^^^^^^^^^^^^^^^^^^^^^^^
  File "C:\Users\hp\OneDrive\Desktop\enoch-shopping\venv\Lib\site-packages\django\template\loader.py", line 61, in render_to_string
    template = get_template(template_name, using=using)
               ^^^^^^^^^^^^^^^^^^^^^^^^^^^^^^^^^^^^^^^^
  File "C:\Users\hp\OneDrive\Desktop\enoch-shopping\venv\Lib\site-packages\django\template\loader.py", line 19, in get_template
    raise TemplateDoesNotExist(template_name, chain=chain)
django.template.exceptions.TemplateDoesNotExist: login.html
"GET /login/ HTTP/1.1" 500 82671
Internal Server Error: /login/
Traceback (most recent call last):
  File "C:\Users\hp\OneDrive\Desktop\enoch-shopping\venv\Lib\site-packages\django\core\handlers\exception.py", line 55, in inner
    response = get_response(request)
               ^^^^^^^^^^^^^^^^^^^^^
  File "C:\Users\hp\OneDrive\Desktop\enoch-shopping\venv\Lib\site-packages\django\core\handlers\base.py", line 197, in _get_response
    response = wrapped_callback(request, *callback_args, **callback_kwargs)
               ^^^^^^^^^^^^^^^^^^^^^^^^^^^^^^^^^^^^^^^^^^^^^^^^^^^^^^^^^^^^
  File "C:\Users\hp\OneDrive\Desktop\enoch-shopping\shop\views.py", line 318, in login_view
    return render(request, 'login.html', {'form': form})
           ^^^^^^^^^^^^^^^^^^^^^^^^^^^^^^^^^^^^^^^^^^^^^
  File "C:\Users\hp\OneDrive\Desktop\enoch-shopping\venv\Lib\site-packages\django\shortcuts.py", line 25, in render
    content = loader.render_to_string(template_name, context, request, using=using)
              ^^^^^^^^^^^^^^^^^^^^^^^^^^^^^^^^^^^^^^^^^^^^^^^^^^^^^^^^^^^^^^^^^^^^^
  File "C:\Users\hp\OneDrive\Desktop\enoch-shopping\venv\Lib\site-packages\django\template\loader.py", line 61, in render_to_string
    template = get_template(template_name, using=using)
               ^^^^^^^^^^^^^^^^^^^^^^^^^^^^^^^^^^^^^^^^
  File "C:\Users\hp\OneDrive\Desktop\enoch-shopping\venv\Lib\site-packages\django\template\loader.py", line 19, in get_template
    raise TemplateDoesNotExist(template_name, chain=chain)
django.template.exceptions.TemplateDoesNotExist: login.html
"GET /login/ HTTP/1.1" 500 82671
Internal Server Error: /login/
Traceback (most recent call last):
  File "C:\Users\hp\OneDrive\Desktop\enoch-shopping\venv\Lib\site-packages\django\core\handlers\exception.py", line 55, in inner
    response = get_response(request)
               ^^^^^^^^^^^^^^^^^^^^^
  File "C:\Users\hp\OneDrive\Desktop\enoch-shopping\venv\Lib\site-packages\django\core\handlers\base.py", line 197, in _get_response
    response = wrapped_callback(request, *callback_args, **callback_kwargs)
               ^^^^^^^^^^^^^^^^^^^^^^^^^^^^^^^^^^^^^^^^^^^^^^^^^^^^^^^^^^^^
  File "C:\Users\hp\OneDrive\Desktop\enoch-shopping\shop\views.py", line 318, in login_view
    return render(request, 'login.html', {'form': form})
           ^^^^^^^^^^^^^^^^^^^^^^^^^^^^^^^^^^^^^^^^^^^^^
  File "C:\Users\hp\OneDrive\Desktop\enoch-shopping\venv\Lib\site-packages\django\shortcuts.py", line 25, in render
    content = loader.render_to_string(template_name, context, request, using=using)
              ^^^^^^^^^^^^^^^^^^^^^^^^^^^^^^^^^^^^^^^^^^^^^^^^^^^^^^^^^^^^^^^^^^^^^
  File "C:\Users\hp\OneDrive\Desktop\enoch-shopping\venv\Lib\site-packages\django\template\loader.py", line 61, in render_to_string
    template = get_template(template_name, using=using)
               ^^^^^^^^^^^^^^^^^^^^^^^^^^^^^^^^^^^^^^^^
  File "C:\Users\hp\OneDrive\Desktop\enoch-shopping\venv\Lib\site-packages\django\template\loader.py", line 19, in get_template
    raise TemplateDoesNotExist(template_name, chain=chain)
django.template.exceptions.TemplateDoesNotExist: login.html
"GET /login/ HTTP/1.1" 500 82682
Internal Server Error: /login/
Traceback (most recent call last):
  File "C:\Users\hp\OneDrive\Desktop\enoch-shopping\venv\Lib\site-packages\django\core\handlers\exception.py", line 55, in inner
    response = get_response(request)
               ^^^^^^^^^^^^^^^^^^^^^
  File "C:\Users\hp\OneDrive\Desktop\enoch-shopping\venv\Lib\site-packages\django\core\handlers\base.py", line 197, in _get_response
    response = wrapped_callback(request, *callback_args, **callback_kwargs)
               ^^^^^^^^^^^^^^^^^^^^^^^^^^^^^^^^^^^^^^^^^^^^^^^^^^^^^^^^^^^^
  File "C:\Users\hp\OneDrive\Desktop\enoch-shopping\shop\views.py", line 318, in login_view
    return render(request, 'login.html', {'form': form})
           ^^^^^^^^^^^^^^^^^^^^^^^^^^^^^^^^^^^^^^^^^^^^^
  File "C:\Users\hp\OneDrive\Desktop\enoch-shopping\venv\Lib\site-packages\django\shortcuts.py", line 25, in render
    content = loader.render_to_string(template_name, context, request, using=using)
              ^^^^^^^^^^^^^^^^^^^^^^^^^^^^^^^^^^^^^^^^^^^^^^^^^^^^^^^^^^^^^^^^^^^^^
  File "C:\Users\hp\OneDrive\Desktop\enoch-shopping\venv\Lib\site-packages\django\template\loader.py", line 61, in render_to_string
    template = get_template(template_name, using=using)
               ^^^^^^^^^^^^^^^^^^^^^^^^^^^^^^^^^^^^^^^^
  File "C:\Users\hp\OneDrive\Desktop\enoch-shopping\venv\Lib\site-packages\django\template\loader.py", line 19, in get_template
    raise TemplateDoesNotExist(template_name, chain=chain)
django.template.exceptions.TemplateDoesNotExist: login.html
"GET /login/ HTTP/1.1" 500 82682
Internal Server Error: /login/
Traceback (most recent call last):
  File "C:\Users\hp\OneDrive\Desktop\enoch-shopping\venv\Lib\site-packages\django\core\handlers\exception.py", line 55, in inner
    response = get_response(request)
               ^^^^^^^^^^^^^^^^^^^^^
  File "C:\Users\hp\OneDrive\Desktop\enoch-shopping\venv\Lib\site-packages\django\core\handlers\base.py", line 197, in _get_response
    response = wrapped_callback(request, *callback_args, **callback_kwargs)
               ^^^^^^^^^^^^^^^^^^^^^^^^^^^^^^^^^^^^^^^^^^^^^^^^^^^^^^^^^^^^
  File "C:\Users\hp\OneDrive\Desktop\enoch-shopping\shop\views.py", line 318, in login_view
    return render(request, 'login.html', {'form': form})
           ^^^^^^^^^^^^^^^^^^^^^^^^^^^^^^^^^^^^^^^^^^^^^
  File "C:\Users\hp\OneDrive\Desktop\enoch-shopping\venv\Lib\site-packages\django\shortcuts.py", line 25, in render
    content = loader.render_to_string(template_name, context, request, using=using)
              ^^^^^^^^^^^^^^^^^^^^^^^^^^^^^^^^^^^^^^^^^^^^^^^^^^^^^^^^^^^^^^^^^^^^^
  File "C:\Users\hp\OneDrive\Desktop\enoch-shopping\venv\Lib\site-packages\django\template\loader.py", line 61, in render_to_string
    template = get_template(template_name, using=using)
               ^^^^^^^^^^^^^^^^^^^^^^^^^^^^^^^^^^^^^^^^
  File "C:\Users\hp\OneDrive\Desktop\enoch-shopping\venv\Lib\site-packages\django\template\loader.py", line 19, in get_template
    raise TemplateDoesNotExist(template_name, chain=chain)
django.template.exceptions.TemplateDoesNotExist: login.html
"GET /login/ HTTP/1.1" 500 82682
"GET /static/images/profile.jpg HTTP/1.1" 404 1981
"GET /static/images/profile.jpg HTTP/1.1" 404 1981
"GET /static/images/profile.jpg HTTP/1.1" 404 1981
"GET /static/images/profile.jpg HTTP/1.1" 404 1981
"GET /static/images/profile.jpg HTTP/1.1" 404 1981
"GET /static/images/profile.jpg HTTP/1.1" 404 1981
"GET /static/images/profile.jpg HTTP/1.1" 404 1981
"GET /static/images/profile.jpg HTTP/1.1" 404 1981
"GET /static/images/profile.jpg HTTP/1.1" 404 1981
"GET /static/images/profile.jpg HTTP/1.1" 404 1981
Not Found: /shop/login/
"GET /shop/login/?next=/track-order/ HTTP/1.1" 404 22402
Internal Server Error: /order-history/
Traceback (most recent call last):
  File "C:\Users\hp\OneDrive\Desktop\enoch-shopping\venv\Lib\site-packages\django\db\models\fields\__init__.py", line 2123, in get_prep_value
    return int(value)
           ^^^^^^^^^^
TypeError: int() argument must be a string, a bytes-like object or a real number, not 'SimpleLazyObject'

The above exception was the direct cause of the following exception:

Traceback (most recent call last):
  File "C:\Users\hp\OneDrive\Desktop\enoch-shopping\venv\Lib\site-packages\django\core\handlers\exception.py", line 55, in inner
    response = get_response(request)
               ^^^^^^^^^^^^^^^^^^^^^
  File "C:\Users\hp\OneDrive\Desktop\enoch-shopping\venv\Lib\site-packages\django\core\handlers\base.py", line 197, in _get_response
    response = wrapped_callback(request, *callback_args, **callback_kwargs)
               ^^^^^^^^^^^^^^^^^^^^^^^^^^^^^^^^^^^^^^^^^^^^^^^^^^^^^^^^^^^^
  File "C:\Users\hp\OneDrive\Desktop\enoch-shopping\shop\views.py", line 1209, in order_history
    orders = Order.objects.filter(user=request.user)
             ^^^^^^^^^^^^^^^^^^^^^^^^^^^^^^^^^^^^^^^
  File "C:\Users\hp\OneDrive\Desktop\enoch-shopping\venv\Lib\site-packages\django\db\models\manager.py", line 87, in manager_method
    return getattr(self.get_queryset(), name)(*args, **kwargs)
           ^^^^^^^^^^^^^^^^^^^^^^^^^^^^^^^^^^^^^^^^^^^^^^^^^^^
  File "C:\Users\hp\OneDrive\Desktop\enoch-shopping\venv\Lib\site-packages\django\db\models\query.py", line 1476, in filter
    return self._filter_or_exclude(False, args, kwargs)
           ^^^^^^^^^^^^^^^^^^^^^^^^^^^^^^^^^^^^^^^^^^^^
  File "C:\Users\hp\OneDrive\Desktop\enoch-shopping\venv\Lib\site-packages\django\db\models\query.py", line 1494, in _filter_or_exclude
    clone._filter_or_exclude_inplace(negate, args, kwargs)
  File "C:\Users\hp\OneDrive\Desktop\enoch-shopping\venv\Lib\site-packages\django\db\models\query.py", line 1501, in _filter_or_exclude_inplace
    self._query.add_q(Q(*args, **kwargs))
  File "C:\Users\hp\OneDrive\Desktop\enoch-shopping\venv\Lib\site-packages\django\db\models\sql\query.py", line 1609, in add_q
    clause, _ = self._add_q(q_object, self.used_aliases)
                ^^^^^^^^^^^^^^^^^^^^^^^^^^^^^^^^^^^^^^^^
  File "C:\Users\hp\OneDrive\Desktop\enoch-shopping\venv\Lib\site-packages\django\db\models\sql\query.py", line 1641, in _add_q
    child_clause, needed_inner = self.build_filter(
                                 ^^^^^^^^^^^^^^^^^^
  File "C:\Users\hp\OneDrive\Desktop\enoch-shopping\venv\Lib\site-packages\django\db\models\sql\query.py", line 1555, in build_filter
    condition = self.build_lookup(lookups, col, value)
                ^^^^^^^^^^^^^^^^^^^^^^^^^^^^^^^^^^^^^^
  File "C:\Users\hp\OneDrive\Desktop\enoch-shopping\venv\Lib\site-packages\django\db\models\sql\query.py", line 1385, in build_lookup
    lookup = lookup_class(lhs, rhs)
             ^^^^^^^^^^^^^^^^^^^^^^
  File "C:\Users\hp\OneDrive\Desktop\enoch-shopping\venv\Lib\site-packages\django\db\models\lookups.py", line 30, in __init__
    self.rhs = self.get_prep_lookup()
               ^^^^^^^^^^^^^^^^^^^^^^
  File "C:\Users\hp\OneDrive\Desktop\enoch-shopping\venv\Lib\site-packages\django\db\models\fields\related_lookups.py", line 156, in get_prep_lookup
    self.rhs = target_field.get_prep_value(self.rhs)
               ^^^^^^^^^^^^^^^^^^^^^^^^^^^^^^^^^^^^^
  File "C:\Users\hp\OneDrive\Desktop\enoch-shopping\venv\Lib\site-packages\django\db\models\fields\__init__.py", line 2125, in get_prep_value
    raise e.__class__(
TypeError: Field 'id' expected a number but got <SimpleLazyObject: <django.contrib.auth.models.AnonymousUser object at 0x0000024C2B0364B0>>.
"GET /order-history/ HTTP/1.1" 500 124953
"GET /static/images/profile.jpg HTTP/1.1" 404 1981
"GET /static/images/profile.jpg HTTP/1.1" 404 1981
"GET /static/images/profile.jpg HTTP/1.1" 404 1981
"GET /static/images/profile.jpg HTTP/1.1" 404 1981
"GET /static/images/profile.jpg HTTP/1.1" 404 1981
"GET /static/css/style.css HTTP/1.1" 404 1966
"GET /static/css/style.css HTTP/1.1" 404 1966
Not Found: /ws/chat/{{ room_name|escapejs }}/
Not Found: /terms/{% static 'js/serviceworker.js' %}
"GET /ws/chat/%7B%7B%20room_name%7Cescapejs%20%7D%7D/ HTTP/1.1" 404 22463
"GET /terms/%7B%%20static%20'js/serviceworker.js'%20%%7D HTTP/1.1" 404 22514
Not Found: /ws/chat/{{ room_name|escapejs }}/
"GET /ws/chat/%7B%7B%20room_name%7Cescapejs%20%7D%7D/ HTTP/1.1" 404 22463
Not Found: /ws/chat/{{ room_name|escapejs }}/
"GET /ws/chat/%7B%7B%20room_name%7Cescapejs%20%7D%7D/ HTTP/1.1" 404 22463
Not Found: /ws/chat/{{ room_name|escapejs }}/
"GET /ws/chat/%7B%7B%20room_name%7Cescapejs%20%7D%7D/ HTTP/1.1" 404 22463
Not Found: /ws/chat/{{ room_name|escapejs }}/
"GET /ws/chat/%7B%7B%20room_name%7Cescapejs%20%7D%7D/ HTTP/1.1" 404 22463
"GET /static/css/style.css HTTP/1.1" 404 1966
Not Found: /ws/chat/{{ room_name|escapejs }}/
"GET /ws/chat/%7B%7B%20room_name%7Cescapejs%20%7D%7D/ HTTP/1.1" 404 22463
Not Found: /ws/chat/{{ room_name|escapejs }}/
"GET /ws/chat/%7B%7B%20room_name%7Cescapejs%20%7D%7D/ HTTP/1.1" 404 22463
Not Found: /ws/chat/{{ room_name|escapejs }}/
"GET /ws/chat/%7B%7B%20room_name%7Cescapejs%20%7D%7D/ HTTP/1.1" 404 22463
Not Found: /ws/chat/{{ room_name|escapejs }}/
"GET /ws/chat/%7B%7B%20room_name%7Cescapejs%20%7D%7D/ HTTP/1.1" 404 22463
Not Found: /ws/chat/{{ room_name|escapejs }}/
"GET /ws/chat/%7B%7B%20room_name%7Cescapejs%20%7D%7D/ HTTP/1.1" 404 22463
"GET /static/images/profile.jpg HTTP/1.1" 404 1981
Not Found: /shop/login/
"GET /shop/login/?next=/feedback/ HTTP/1.1" 404 22399
"GET /static/images/profile.jpg HTTP/1.1" 404 1981
Not Found: /ws/chat/{{ room_name|escapejs }}/
"GET /ws/chat/%7B%7B%20room_name%7Cescapejs%20%7D%7D/ HTTP/1.1" 404 22463
Not Found: /ws/chat/{{ room_name|escapejs }}/
"GET /ws/chat/%7B%7B%20room_name%7Cescapejs%20%7D%7D/ HTTP/1.1" 404 22463
"GET /static/images/profile.jpg HTTP/1.1" 404 1981
"GET /static/images/profile.jpg HTTP/1.1" 404 1981
"GET /static/images/profile.jpg HTTP/1.1" 404 1981
"GET /static/images/profile.jpg HTTP/1.1" 404 1981
"GET /static/images/profile.jpg HTTP/1.1" 404 1981
"GET /static/images/profile.jpg HTTP/1.1" 404 1981
